DELETE FROM "Airport";
DELETE FROM "Flight";
DELETE FROM "Reservation";
DELETE FROM "Employee";
DELETE FROM "Customer";
DELETE FROM "User";



INSERT INTO public."Airport" ("AirportCode","AirportName","AirportCity","AirportState") VALUES 
('DLG','Dillingham Airport','Dillingham','AK')
,('OOK','Toksook Bay Airport','Toksook Bay','AK')
,('TOG','Togiak Airport','Togiak Village','AK')
,('UNK','Unalakleet Airport','Unalakleet','AK')
,('GBH','Galbraith Lake Airport','Galbraith Lake','AK')
,('FYU','Fort Yukon Airport','Fort Yukon','AK')
,('FAI','Fairbanks International Airport','Fairbanks','AK')
,('KSM','St Mary''s Airport','St Mary''s','AK')
,('KEB','English Bay Airport','English Bay','AK')
,('A61','Tuntutuliak Airport','Tuntutuliak','AK')
;
INSERT INTO public."Airport" ("AirportCode","AirportName","AirportCity","AirportState") VALUES 
('ENM','Emmonak Airport','Emmonak','AK')
,('ELI','Elim Airport','Elim','AK')
,('WBB','Stebbins Airport','Stebbins','AK')
,('CDB','Cold Bay Airport','Cold Bay','AK')
,('EEK','Eek Airport','Eek','AK')
,('GAL','Edward G. Pitka Sr Airport','Galena','AK')
,('TLT','Tuluksak Airport','Tuluksak','AK')
,('AUK','Alakanuk Airport','Alakanuk','AK')
,('CDV','Cordova Municipal Airport','Cordova','AK')
,('TAL','Ralph M Calhoun Memorial Airport','Tanana','AK')
;
INSERT INTO public."Airport" ("AirportCode","AirportName","AirportCity","AirportState") VALUES 
('YAK','Yakutat Airport','Yakutat','AK')
,('T44','Trident Basin Seaplane Base','Kodiak','AK')
,('CGA','Craig Airport','Craig','AK')
,('SCC','Deadhorse Airport','Deadhorse','AK')
,('KTB','Thorne Bay Airport','Thorne Bay','AK')
,('OTZ','Ralph Wien Memorial Airport','Kotzebue','AK')
,('AQH','Quinhagak Airport','Quinhagak','AK')
,('PHO','Point Hope Airport','Point Hope','AK')
,('6R7','Old Harbor Airport','Old Harbor','AK')
,('D76','Robert (Bob) Curtis Memorial Airport','Noorvik','AK')
;
INSERT INTO public."Airport" ("AirportCode","AirportName","AirportCity","AirportState") VALUES 
('PGM','Port Graham Airport','Port Graham','AK')
,('PTH','Port Heiden Airport','Port Heiden','AK')
,('ORI','Port Lions Airport','Port Lions','AK')
,('AFM','Ambler Airport','Ambler','AK')
,('ORV','Robert (Bob) Curtis Memorial Airport','Noorvik','AK')
,('PPC','Prospect Creek Airport','Prospect Creek','AK')
,('16A','Nunapitchuk Airport','Nunapitchuk','AK')
,('NUL','Nulato Airport','Nulato','AK')
,('AKP','Anaktuvuk Pass Airport','Anaktuvuk Pass','AK')
,('ANC','Anchorage International Airport','Anchorage','AK')
;
INSERT INTO public."Airport" ("AirportCode","AirportName","AirportCity","AirportState") VALUES 
('AQT','Nuiqsut Airport','Nuiqsut','AK')
,('AGN','Angoon Seaplane Base','Angoon','AK')
,('ANI','Aniak Airport','Aniak','AK')
,('OME','Nome Airport','Nome','AK')
,('WTK','Noatak Airport','Noatak','AK')
,('EWU','Newtok Airport','Newtok','AK')
,('RSH','Russian Mission Airport','Russian Mission','AK')
,('WNA','Napakiak Airport','Napakiak','AK')
,('MOU','Mountain Village Airport','Mountain Village','AK')
,('SNP','Saint Paul Island Airport','St Paul Island','AK')
;
INSERT INTO public."Airport" ("AirportCode","AirportName","AirportCity","AirportState") VALUES 
('ATK','Atqasuk Edward Burnell Sr Memorial Airport','Atqasuk','AK')
,('MTM','Metlakatla Airport','Metlakatla','AK')
,('PSG','Petersburg Airport','Petersburg','AK')
,('BRW','Wiley Post-Will Rogers Memorial Airport','Barrow','AK')
,('MRI','Merrill Field','Anchorage','AK')
,('SDP','Sand Point Airport','Sand Point','AK')
,('MCG','McGrath Airport','McGrath','AK')
,('BTI','Barter Island LRRS Airport','Kaktovik','AK')
,('MDM','Marshall Don Hunter Sr Airport','Marshall','AK')
,('3A5','Marshall Don Hunter Sr','Marshall','AK')
;
INSERT INTO public."Airport" ("AirportCode","AirportName","AirportCity","AirportState") VALUES 
('MLL','Marshall Airport','Marshall','AK')
,('MBA','Manokotak Airport','Manokotak','AK')
,('SVA','Savoonga Airport','Savoonga','AK')
,('SCM','Scammon Bay Airport','Scammon Bay','AK')
,('WLK','Selawik Airport','Selawik','AK')
,('BET','Bethel Airport','Bethel','AK')
,('SOV','Seldovia Airport','Seldovia','AK')
,('SHH','Shishmaref Airport','Shishmaref','AK')
,('2A3','Larsen Bay Airport','Larsen Bay','AK')
,('SHG','Shungnak Airport','Shungnak','AK')
;
INSERT INTO public."Airport" ("AirportCode","AirportName","AirportCity","AirportState") VALUES 
('IAN','Bob Baker Memorial Airport','Kiana','AK')
,('LHD','Lake Hood Airport','Anchorage','AK')
,('A85','Kwigillingok Airport','Kwigillingok','AK')
,('GGV','Kwigillingok Airport','Kwigillingok','AK')
,('KWT','Kwethluk Airport','Kwethluk','AK')
,('KKA','Koyuk Airport','Koyuk','AK')
,('2A9','Kotlik Airport','Kotlik','AK')
,('DUY','Kongiganak Airport','Kongiganak','AK')
,('KDK','Kodiak Municipal Airport','Kodiak','AK')
,('ADQ','Kodiak Airport','Kodiak','AK')
;
INSERT INTO public."Airport" ("AirportCode","AirportName","AirportCity","AirportState") VALUES 
('AKW','Klawock Airport','Klawock','AK')
,('KVL','Kivalina Airport','Kivalina','AK')
,('IIK','Kipnuk Airport','Kipnuk','AK')
,('AKN','King Salmon Airport','King Salmon','AK')
,('KVC','King Cove Airport','King Cove','AK')
,('KTN','Ketchikan International Airport','Ketchikan','AK')
,('BVK','Buckland Airport','Buckland','AK')
,('ADK','Adak Airport','Adak Island','AK')
,('ENA','Kenai Municipal Airport','Kenai','AK')
,('Z09','Kasigluk Airport','Kasigluk','AK')
;
INSERT INTO public."Airport" ("AirportCode","AirportName","AirportCity","AirportState") VALUES 
('AWI','Wainwright Airport','Wainwright','AK')
,('KAL','Kaltag Airport','Kaltag','AK')
,('KLG','Kalskag Airport','Kalskag','AK')
,('KAE','Kake Airport','Kake','AK')
,('JNU','Juneau International Airport','Juneau','AK')
,('SIT','Sitka Rocky Gutierrez Airport','Sitka','AK')
,('SGY','Skagway Airport','Skagway','AK')
,('BIG','Allen Aaf Airport','Delta Junction Ft Greely','AK')
,('ILI','Iliamna Airport','Iliamna','AK')
,('HSL','Huslia Airport','Huslia','AK')
;
INSERT INTO public."Airport" ("AirportCode","AirportName","AirportCity","AirportState") VALUES 
('HLA','Huslia Airport','Huslia','AK')
,('HPB','Hooper Bay Airport','Hooper Bay','AK')
,('HNH','Hoonah Airport','Hoonah','AK')
,('HOM','Homer Airport','Homer','AK')
,('HYL','Hollis Seaplane Base','Hollis','AK')
,('HNS','Haines Airport','Haines','AK')
,('VDZ','Valdez Pioneer Field','Valdez','AK')
,('GST','Gustavus Airport','Gustavus','AK')
,('GKN','Gulkana Airport','Gulkana','AK')
,('WRG','Wrangell Airport','Wrangell','AK')
;
INSERT INTO public."Airport" ("AirportCode","AirportName","AirportCity","AirportState") VALUES 
('N93','Golovin Airport','Golovin','AK')
,('DUT','Unalaska Airport','Unalaska','AK')
,('0AK','Pilot Station Airport','Pilot Station','AK')
,('CFK','Chefornak Airport','Chefornak','AK')
,('GAM','Gambell Airport','Gambell','AK')
,('VAK','Chevak Airport','Chevak','AK')
,('ANB','Anniston Municipal Airport','Anniston','AL')
,('TCL','Tuscaloosa Regional Airport','Tuscaloosa','AL')
,('HSV','Huntsville International Airport','Huntsville','AL')
,('ASN','Talladega Municipal Airport','Talladega','AL')
;
INSERT INTO public."Airport" ("AirportCode","AirportName","AirportCity","AirportState") VALUES 
('MGM','Montgomery Regional Airport','Montgomery','AL')
,('MSL','Northwest Alabama Regional Airport','Muscle Shoals','AL')
,('MOB','Mobile Regional Airport','Mobile','AL')
,('BHM','Birmingham International Airport','Birmingham','AL')
,('DHN','Dothan Regional Airport','Dothan','AL')
,('XNA','Northwest Arkansas Regional Airport','Fayetteville / Springdale','AR')
,('HOT','Memorial Field Airport','Hot Springs','AR')
,('LIT','Little Rock National Airport','Little Rock','AR')
,('FYV','Drake Field','Fayetteville','AR')
,('BPK','Baxter County Regional Airport','Mountain Home','AR')
;
INSERT INTO public."Airport" ("AirportCode","AirportName","AirportCity","AirportState") VALUES 
('FSM','Fort Smith Airport','Fort Smith','AR')
,('HRO','Boone County Airport','Harrison','AR')
,('TXK','Texarkana Regional Airport','Texarkana','AR')
,('JBR','Jonesboro Municipal Airport','Jonesboro','AR')
,('Z08','Ofu Airport','Ofu Village','AS')
,('PPG','Pago Pago International Airport','Pago Pago','AS')
,('FAQ','Fitiuta Airport','Fitiuta','AS')
,('PHX','Phoenix Sky Harbor International Airport','Phoenix','AZ')
,('MZJ','Pinal Airpark','Marana','AZ')
,('IWA','Williams Gateway Airport','Mesa','AZ')
;
INSERT INTO public."Airport" ("AirportCode","AirportName","AirportCity","AirportState") VALUES 
('YUM','Yuma International Airport','Yuma','AZ')
,('TUS','Tucson International Airport','Tucson','AZ')
,('DVT','Deer Valley Municipal Airport','Phoenix','AZ')
,('PRC','Ernest A. Love Field Airport','Prescott','AZ')
,('FLG','Flagstaff Pulliam Airport','Flagstaff','AZ')
,('GCN','Grand Canyon National Park Airport','Grand Canyon','AZ')
,('1G4','Grand Canyon West Airport','Peach Springs','AZ')
,('FHU','Sierra Vista Municipal Airport','Fort Huachuca / Sierra Vista','AZ')
,('IGM','Kingman Airport','Kingman','AZ')
,('HII','Lake Havasu City Airport','Lake Havasu City','AZ')
;
INSERT INTO public."Airport" ("AirportCode","AirportName","AirportCity","AirportState") VALUES 
('SOW','Show Low Regional Airport','Show Low','AZ')
,('IFP','Laughlin/Bullhead International Airport','Bullhead City','AZ')
,('PGA','Page Municipal Airport','Page','AZ')
,('GYR','Phoenix Goodyear Airport','Goodyear','AZ')
,('LAX','Los Angeles International Airport','Los Angeles','CA')
,('OXR','Oxnard Airport','Oxnard','CA')
,('MCE','Merced Municipal Airport','Merced','CA')
,('CIC','Chico Municipal Airport','Chico','CA')
,('SJC','San Jose International Airport','San Jose','CA')
,('LGB','Long Beach Airport','Long Beach','CA')
;
INSERT INTO public."Airport" ("AirportCode","AirportName","AirportCity","AirportState") VALUES 
('MCC','Mc Clellan Airfield','Sacramento','CA')
,('IYK','Inyokern Airport','Inyokern','CA')
,('IPL','Imperial County Airport','Imperial','CA')
,('CCR','Buchanan Field Airport','Concord','CA')
,('MOD','Modesto City-County Airport','Modesto','CA')
,('VIS','Visalia Municipal Airport','Visalia','CA')
,('SBP','San Luis County Regional Airport','San Luis Obispo','CA')
,('BFL','Meadows Field Airport','Bakersfield','CA')
,('PSP','Palm Springs International Airport','Palm Springs','CA')
,('MMH','Mammoth Yosemite Airport','Mammoth Lakes','CA')
;
INSERT INTO public."Airport" ("AirportCode","AirportName","AirportCity","AirportState") VALUES 
('SNA','John Wayne Airport','Orange County','CA')
,('STS','Sonoma County Airport','Santa Rosa','CA')
,('SMF','Sacramento International Airport','Sacramento','CA')
,('SBA','Santa Barbara Airport','Santa Barbara','CA')
,('ACV','Arcata Airport','Arcata/Eureka','CA')
,('SBD','San Bernardino International Airport','San Bernardino','CA')
,('SCK','Stockton Metropolitan Airport','Stockton','CA')
,('BUR','Burbank Bob Hope Airport','Burbank','CA')
,('VCV','Southern California Logistics Airport','Victorville','CA')
,('OAK','Oakland International Airport','Oakland','CA')
;
INSERT INTO public."Airport" ("AirportCode","AirportName","AirportCity","AirportState") VALUES 
('TVL','Lake Tahoe Airport','South Lake Tahoe','CA')
,('SMX','Santa Maria Public Airport','Santa Maria','CA')
,('PRB','Paso Robles Municipal Airport','Paso Robles','CA')
,('SAN','San Diego International Airport','San Diego','CA')
,('ONT','Ontario International Airport','Ontario','CA')
,('SFO','San Francisco International Airport','San Francisco','CA')
,('CRQ','Mc Clellan-Palomar Airport','Carlsbad','CA')
,('CEC','Jack Mc Namara Field Airport','Crescent City','CA')
,('FAT','Fresno Air Terminal','Fresno','CA')
,('RDD','Redding Municipal Airport','Redding','CA')
;
INSERT INTO public."Airport" ("AirportCode","AirportName","AirportCity","AirportState") VALUES 
('MRY','Monterey Peninsula Airport','Monterey','CA')
,('PMD','Palmdale Regional Airport','Palmdale','CA')
,('DEN','Denver International Airport','Denver','CO')
,('GJT','Walker Field Airport','Grand Junction','CO')
,('MTJ','Montrose Regional Airport','Montrose','CO')
,('DRO','Durango-La Plata County Airport','Durango','CO')
,('EGE','Eagle County Regional Airport','Eagle','CO')
,('COS','Colorado Springs Airport','Colorado Springs','CO')
,('HDN','Yampa Valley Regional Airport','Hayden','CO')
,('FNL','Fort Collins-Loveland Municipal Airport','Fort Collins / Loveland','CO')
;
INSERT INTO public."Airport" ("AirportCode","AirportName","AirportCity","AirportState") VALUES 
('TEX','Telluride Regional Airport','Telluride','CO')
,('LAA','Lamar Municipal Airport','Lamar','CO')
,('GUC','Gunnison-Crested Butte Regional Airport','Gunnison','CO')
,('PUB','Pueblo Memorial Airport','Pueblo','CO')
,('CEZ','Cortez Municipal Airport','Cortez','CO')
,('ASE','Aspen-Pitkin County Airport','Aspen','CO')
,('ALS','San Luis Valley Regional Airport','Alamosa','CO')
,('TNI','Tinian International Airport','Tinian Island','CQ')
,('GSN','Saipan International Airport','Saipan Island','CQ')
,('GRO','Rota International Airport','Rota Island','CQ')
;
INSERT INTO public."Airport" ("AirportCode","AirportName","AirportCity","AirportState") VALUES 
('HVN','Tweed New Haven Regional Airport','New Haven','CT')
,('BDL','Bradley International Airport','Windsor Locks','CT')
,('HFD','Hartford-Brainard Airport','Hartford','CT')
,('GON','Groton-New London Airport','Groton (New London)','CT')
,('DXR','Danbury Municipal Airport','Danbury','CT')
,('OXC','Waterbury-Oxford Airport','Oxford','CT')
,('BDR','Igor I Sikorsky Memorial Airport','Bridgeport','CT')
,('DCA','Ronald Reagan Washington National Airport','Washington','DC')
,('IAD','Washington Dulles International Airport','Washington','DC')
,('ILG','New Castle Airport','Wilmington','DE')
;
INSERT INTO public."Airport" ("AirportCode","AirportName","AirportCity","AirportState") VALUES 
('GED','Sussex County Airport','Georgetown','DE')
,('JAX','Jacksonville International Airport','Jacksonville','FL')
,('FLL','Fort Lauderdale Hollywood International Airport','Fort Lauderdale','FL')
,('TPA','Tampa International Airport','Tampa','FL')
,('VPS','Fort Walton Beach Airport','Valparaiso','FL')
,('SGJ','St Augustine Airport','St Augustine','FL')
,('GNV','Gainesville Regional Airport','Gainesville','FL')
,('SFB','Orlando Sanford International Airport','Sanford','FL')
,('MCO','Orlando International Airport','Orlando','FL')
,('X44','Miami Airport','Miami','FL')
;
INSERT INTO public."Airport" ("AirportCode","AirportName","AirportCity","AirportState") VALUES 
('MIA','Miami International Airport','Miami','FL')
,('PBI','Palm Beach International Airport','West Palm Beach','FL')
,('TIX','Space Coast Regional Airport','Titusville','FL')
,('PIE','St. Petersburg-Clearwater International Airport','Saint Petersburg','FL')
,('LAL','Lakeland Linder Regional Airport','Lakeland','FL')
,('RSW','Southwest Florida International Airport','Fort Myers','FL')
,('OCF','Ocala International Airport','Ocala','FL')
,('PGD','Charlotte County Airport','Punta Gorda','FL')
,('APF','Naples Municipal Airport','Naples','FL')
,('PNS','Pensacola Regional Airport','Pensacola','FL')
;
INSERT INTO public."Airport" ("AirportCode","AirportName","AirportCity","AirportState") VALUES 
('MLB','Melbourne International Airport','Melbourne','FL')
,('TLH','Tallahassee Regional Airport','Tallahassee','FL')
,('DAB','Daytona Beach International Airport','Daytona Beach','FL')
,('EYW','Key West International Airport','Key West','FL')
,('VRB','Vero Beach Municipal Airport','Vero Beach','FL')
,('VQQ','Cecil Field Airport','Jacksonville','FL')
,('SRQ','Sarasota-Bradenton International Airport','Sarasota','FL')
,('PFN','Panama City-Bay County International Airport','Panama City','FL')
,('MTH','Florida Keys Marathon Airport','Marathon','FL')
,('ATL','Atlanta International Airport','Atlanta','GA')
;
INSERT INTO public."Airport" ("AirportCode","AirportName","AirportCity","AirportState") VALUES 
('BQK','Brunswick Golden Isles Airport','Brunswick','GA')
,('ABY','Southwest Georgia Regional Airport','Albany','GA')
,('MCN','Middle Georgia Regional Airport','Macon','GA')
,('VLD','Valdosta Regional Airport','Valdosta','GA')
,('SAV','Savannah/Hilton Head International Airport','Savannah','GA')
,('RMG','Richard B Russell Airport','Rome','GA')
,('AGS','Augusta Regional Airport','Augusta','GA')
,('AHN','Athens/Ben Epps Airport','Athens','GA')
,('CSG','Columbus Metropolitan Airport','Columbus','GA')
,('GUM','Guam International Airport','Agana','GU')
;
INSERT INTO public."Airport" ("AirportCode","AirportName","AirportCity","AirportState") VALUES 
('MKK','Molokai Airport','Kaunakakai','HI')
,('ITO','Hilo International Airport','Hilo','HI')
,('MUE','Waimea - Kohala Airport','Kamuela','HI')
,('OGG','Kahului Airport','Kahului','HI')
,('LNY','Lanai Airport','Lanai City','HI')
,('HNL','Honolulu International Airport','Honolulu','HI')
,('HNM','Hana Airport','Hana','HI')
,('LIH','Lihue Airport','Lihue','HI')
,('KOA','Kona International Airport','Keahole','HI')
,('SUX','Sioux Gateway Airport','Sioux City','IA')
;
INSERT INTO public."Airport" ("AirportCode","AirportName","AirportCity","AirportState") VALUES 
('BRL','Southeast Iowa Regional Airport','Burlington','IA')
,('FOD','Fort Dodge Regional Airport','Fort Dodge','IA')
,('DBQ','Dubuque Regional Airport','Dubuque','IA')
,('OTM','Ottumwa Industrial Airport','Ottumwa','IA')
,('ALO','Waterloo Regional Airport','Waterloo','IA')
,('DSM','Des Moines International Airport','Des Moines','IA')
,('CID','Cedar Rapids Eastern Iowa Airport','Cedar Rapids','IA')
,('MCW','Mason City Municipal Airport','Mason City','IA')
,('CWI','Clinton Municipal Airport','Clinton','IA')
,('IDA','Idaho Falls Regional Airport','Idaho Falls','ID')
;
INSERT INTO public."Airport" ("AirportCode","AirportName","AirportCity","AirportState") VALUES 
('BOI','Boise Airport','Boise','ID')
,('SUN','Friedman Memorial Airport','Hailey','ID')
,('PIH','Pocatello Regional Airport','Pocatello','ID')
,('LWS','Lewiston-Nez Perce County Airport','Lewiston','ID')
,('COE','Coeur D''alene Airport','Coeur D''alene','ID')
,('TWF','Magic Valley Regional Airport','Twin Falls','ID')
,('UIN','Quincy Regional Airport - Baldwin Field','Quincy','IL')
,('BLV','Midamerica Airport','Belleville','IL')
,('SQI','Whiteside County Airport','Sterling/Rockfalls','IL')
,('MTO','Coles County Memorial Airport','Mattoon/Charleston','IL')
;
INSERT INTO public."Airport" ("AirportCode","AirportName","AirportCity","AirportState") VALUES 
('MLI','Quad City International Airport','Moline','IL')
,('MWA','Williamson County Regional Airport','Marion','IL')
,('CGX','Merrill C Meigs Field','Chicago','IL')
,('PIA','Peoria Regional Airport','Peoria','IL')
,('ALN','St Louis Regional Airport','Alton/St Louis','IL')
,('MDW','Chicago Midway Airport','Chicago','IL')
,('MDH','Southern Illinois Airport','Carbondale / Murphysboro','IL')
,('DNV','Vermilion County Airport','Danville','IL')
,('CMI','Champaign Willard Airport','Champaign','IL')
,('SPI','Abraham Lincoln Capital Airport','Springfield','IL')
;
INSERT INTO public."Airport" ("AirportCode","AirportName","AirportCity","AirportState") VALUES 
('MVN','Mount Vernon Airport','Mount Vernon','IL')
,('BMI','Central Illinois Regional Airport','Bloomington','IL')
,('ORD','Chicago O''hare International Airport','Chicago','IL')
,('RFD','Greater Rockford Airport','Rockford','IL')
,('DEC','Decatur Airport','Decatur','IL')
,('FWA','Fort Wayne International Airport','Fort Wayne','IN')
,('EKM','Elkhart Municipal Airport','Elkhart','IN')
,('EVV','Evansville Regional Airport','Evansville','IN')
,('HUF','Terre Haute International Airport','Terre Haute','IN')
,('MIE','Delaware County Airport','Muncie','IN')
;
INSERT INTO public."Airport" ("AirportCode","AirportName","AirportCity","AirportState") VALUES 
('GYY','Gary Regional Airport','Gary','IN')
,('VPZ','Porter County Municipal Airport','Valparaiso','IN')
,('LAF','Purdue University Airport','Lafayette','IN')
,('AID','Anderson Municipal Airport','Anderson','IN')
,('SBN','South Bend Regional Airport','South Bend','IN')
,('IND','Indianapolis International Airport','Indianapolis','IN')
,('MQJ','Mount Comfort Airport','Indianapolis','IN')
,('BMG','Monroe County Airport','Bloomington','IN')
,('BAK','Columbus Municipal Airport','Columbus','IN')
,('DDC','Dodge City Regional Airport','Dodge City','KS')
;
INSERT INTO public."Airport" ("AirportCode","AirportName","AirportCity","AirportState") VALUES 
('MHK','Manhattan Regional Airport','Manhattan','KS')
,('GCK','Garden City Regional Airport','Garden City','KS')
,('HYS','Hays Regional Airport','Hays','KS')
,('GLD','Goodland Municipal Airport','Goodland','KS')
,('HUT','Hutchinson Municipal Airport','Hutchinson','KS')
,('SLN','Salina Municipal Airport','Salina','KS')
,('ICT','Wichita Mid-Continent Airport','Wichita','KS')
,('GBD','Great Bend Municipal Airport','Great Bend','KS')
,('IXD','Olathe/New Century Aircenter Airport','Olathe','KS')
,('FOE','Forbes Field Airport','Topeka','KS')
;
INSERT INTO public."Airport" ("AirportCode","AirportName","AirportCity","AirportState") VALUES 
('LBL','Liberal Municipal Airport','Liberal','KS')
,('OWB','Owensboro-Daviess County Airport','Owensboro','KY')
,('BWG','Bowling Green-Warren County Regional Airport','Bowling Green','KY')
,('LEX','Blue Grass Airport','Lexington','KY')
,('SDF','Louisville International Airport','Louisville','KY')
,('PAH','Paducah Barkley Regional Airport','Paducah','KY')
,('LCH','Lake Charles Regional Airport','Lake Charles','LA')
,('ESF','Esler Regional Airport','Alexandria','LA')
,('AEX','Alexandria International Airport','Alexandria','LA')
,('NEW','Lakefront Airport','New Orleans','LA')
;
INSERT INTO public."Airport" ("AirportCode","AirportName","AirportCity","AirportState") VALUES 
('SHV','Shreveport Regional Airport','Shreveport','LA')
,('MLU','Monroe Regional Airport','Monroe','LA')
,('BTR','Baton Rouge International Airport','Baton Rouge','LA')
,('MSY','New Orleans International Airport','New Orleans','LA')
,('LFT','Lafayette Regional Airport','Lafayette','LA')
,('TVR','Vicksburg Tallulah Regional Airport','Tallulah/Vicksburg, Mississippi','LA')
,('ACK','Nantucket Memorial Airport','Nantucket','MA')
,('MVY','Martha''s Vineyard Airport','Vineyard Haven','MA')
,('PVC','Provincetown Municipal Airport','Provincetown','MA')
,('BOS','Boston Logan International Airport','Boston','MA')
;
INSERT INTO public."Airport" ("AirportCode","AirportName","AirportCity","AirportState") VALUES 
('BAF','Barnes Municipal Airport','Westfield/Springfield','MA')
,('HYA','Barnstable Municipal Airport','Hyannis','MA')
,('BED','Bedford Hanscom Field','Bedford','MA')
,('ORH','Worcester Regional Airport','Worcester','MA')
,('CEF','Westover Metropolitan Airport','Springfield/Chicopee','MA')
,('EWB','New Bedford Regional Airport','New Bedford','MA')
,('SBY','Salisbury-Ocean City Wicomico Regional Airport','Salisbury','MD')
,('HGR','Hagerstown Regional Airport','Hagerstown','MD')
,('BWI','Baltimore / Washington International Airport','BWI Airport','MD')
,('PWM','Portland International Jetport','Portland','ME')
;
INSERT INTO public."Airport" ("AirportCode","AirportName","AirportCity","AirportState") VALUES 
('BHB','Hancock County-Bar Harbor Airport','Bar Harbor','ME')
,('AUG','Augusta State Airport','Augusta','ME')
,('RKD','Knox County Regional Airport','Rockland','ME')
,('BGR','Bangor International Airport','Bangor','ME')
,('PQI','Northern Maine Regional Airport','Presque Isle','ME')
,('AZO','Kalamazoo/Battle Creek International Airport','Kalamazoo','MI')
,('MBS','Saginaw International Airport','Saginaw','MI')
,('JXN','Jackson County Airport','Jackson','MI')
,('PLN','Pellston Regional Airport','Pellston','MI')
,('IMT','Iron Mountain Airport','Iron Mountain / Kingsford','MI')
;
INSERT INTO public."Airport" ("AirportCode","AirportName","AirportCity","AirportState") VALUES 
('CMX','Houghton County Memorial Airport','Hancock','MI')
,('PTK','Oakland County International Airport','Pontiac','MI')
,('APN','Alpena County Regional Airport','Alpena','MI')
,('CVX','Charlevoix Municipal Airport','Charlevoix','MI')
,('LAN','Lansing Capital City Airport','Lansing','MI')
,('IWD','Gogebic-Iron County Airport','Ironwood','MI')
,('BEH','Southwest Michigan Regional Airport','Benton Harbor','MI')
,('GRR','Gerald R. Ford International Airport','Grand Rapids','MI')
,('GLR','Gaylord Regional Airport','Gaylord','MI')
,('TVC','Cherry Capital Airport','Traverse City','MI')
;
INSERT INTO public."Airport" ("AirportCode","AirportName","AirportCity","AirportState") VALUES 
('FNT','Bishop International Airport','Flint','MI')
,('CIU','Chippewa County International Airport','Sault Ste Marie','MI')
,('ESC','Delta County Airport','Escanaba','MI')
,('SAW','Sawyer International Airport','Marquette','MI')
,('MNM','Menominee-Marinette Twin County Airport','Menominee','MI')
,('DTW','Detroit Metro Airport','Detroit','MI')
,('DET','Detroit City Airport','Detroit','MI')
,('MBL','Manistee County-Blacker','Manistee','MI')
,('ACB','Bellaire/Antrim County Airport','Bellaire','MI')
,('BTL','W K Kellogg Airport','Battle Creek','MI')
;
INSERT INTO public."Airport" ("AirportCode","AirportName","AirportCity","AirportState") VALUES 
('MKG','Muskegon County Airport','Muskegon','MI')
,('BJI','Bemidji Regional Airport','Bemidji','MN')
,('DLH','Duluth International Airport','Duluth','MN')
,('ELO','Ely Municipal Airport','Ely','MN')
,('STP','St Paul Downtown Airport / Holman Field','St Paul','MN')
,('HIB','Chisholm-Hibbing Airport','Hibbing','MN')
,('FRM','Fairmont Municipal Airport','Fairmont','MN')
,('INL','Falls International Airport','International Falls','MN')
,('STC','St Cloud Regional Airport','St Cloud','MN')
,('GPZ','Grand Rapids/Itasca County Airport','Grand Rapids','MN')
;
INSERT INTO public."Airport" ("AirportCode","AirportName","AirportCity","AirportState") VALUES 
('AXN','Chandler Field Airport','Alexandria','MN')
,('BRD','Brainerd Lakes Regional Airport','Brainerd','MN')
,('OTG','Worthington Municipal Airport','Worthington','MN')
,('MKT','Mankato Regional Airport','Mankato','MN')
,('BDE','Baudette International Airport','Baudette','MN')
,('MSP','Minneapolis/St. Paul International Airport','Minneapolis','MN')
,('ILL','Willmar Municipal Airport','Willmar','MN')
,('RST','Rochester International Airport','Rochester','MN')
,('TVF','Thief River Falls Regional Airport','Thief River Falls','MN')
,('CGI','Cape Girardeau Regional Airport','Cape Girardeau','MO')
;
INSERT INTO public."Airport" ("AirportCode","AirportName","AirportCity","AirportState") VALUES 
('JLN','Joplin Regional Airport','Joplin','MO')
,('JEF','Jefferson City Memorial Airport','Jefferson City','MO')
,('AIZ','Lee C Fine Memorial Airport','Kaiser Lake Ozark','MO')
,('COU','Columbia Regional Airport','Columbia','MO')
,('SGF','Springfield Branson Regional Airport','Springfield','MO')
,('SUS','Spirit Of St Louis Airport','St Louis','MO')
,('STL','Lambert-St. Louis International Airport','Saint Louis','MO')
,('TBN','Waynesville Regional Airport At Forney Field','Fort Leonard Wood','MO')
,('IRK','Kirksville Regional Airport','Kirksville','MO')
,('PLK','M Graham Clark - Taney County Airport','Point Lookout','MO')
;
INSERT INTO public."Airport" ("AirportCode","AirportName","AirportCity","AirportState") VALUES 
('STJ','Rosecrans Memorial Airport','St Joseph','MO')
,('MKC','Charles B. Wheeler Downtown Airport','Kansas City','MO')
,('MCI','Kansas City International Airport','Kansas City','MO')
,('MDY','Henderson Field Airport','Sand Island','MQ')
,('PIB','Hattiesburg-Laurel Regional Airport','Hattiesburg / Laurel','MS')
,('TUP','Tupelo Regional Airport','Tupelo','MS')
,('MEI','Key Field Airport','Meridian','MS')
,('GLH','Mid Delta Regional Airport','Greenville','MS')
,('PQL','Trent Lott International Airport','Pascagoula','MS')
,('HKS','Hawkins Field Airport','Jackson','MS')
;
INSERT INTO public."Airport" ("AirportCode","AirportName","AirportCity","AirportState") VALUES 
('GTR','Golden Triangle Regional Airport','Columbus','MS')
,('JAN','Jackson-Evers International Airport','Jackson','MS')
,('UOX','University-Oxford Airport','Oxford','MS')
,('GPT','Gulfport-Biloxi International Airport','Gulfport','MS')
,('BZN','Bozeman Gallatin Field Airport','Bozeman','MT')
,('GGW','Wokal Field/Glasgow International Airport','Glasgow','MT')
,('MSO','Missoula International Airport','Missoula','MT')
,('WYS','West Yellowstone Airport','West Yellowstone','MT')
,('GTF','Great Falls International Airport','Great Falls','MT')
,('BIL','Billings Logan International Airport','Billings','MT')
;
INSERT INTO public."Airport" ("AirportCode","AirportName","AirportCity","AirportState") VALUES 
('BTM','Bert Mooney Airport','Butte','MT')
,('HLN','Helena Regional Airport','Helena','MT')
,('SDY','Sidney-Richland Municipal Airport','Sidney','MT')
,('GPI','Glacier Park International Airport','Kalispell','MT')
,('INT','Smith Reynolds Airport','Winston Salem','NC')
,('RDU','Raleigh-Durham International Airport','Rdu Airport','NC')
,('ISO','Kinston Regional Jetport','Kinston','NC')
,('SOP','Moore County Airport','Pinehurst/Southern Pines','NC')
,('OAJ','Jacksonville/Albert J Ellis Airport','Jacksonville','NC')
,('HKY','Hickory Regional Airport','Hickory','NC')
;
INSERT INTO public."Airport" ("AirportCode","AirportName","AirportCity","AirportState") VALUES 
('AVL','Asheville Regional Airport','Asheville','NC')
,('RWI','Rocky Mount-Wilson Regional Airport','Rocky Mount','NC')
,('ILM','Wilmington International Airport','Wilmington','NC')
,('CLT','Charlotte/Douglas International Airport','Charlotte','NC')
,('PGV','Pitt-Greenville Airport','Greenville','NC')
,('FAY','Fayetteville Regional/Grannis Field Airport','Fayetteville','NC')
,('GSO','Piedmont Triad International Airport','Greensboro','NC')
,('MQI','Dare County Regional Airport','Manteo','NC')
,('EWN','Craven County Regional Airport','New Bern','NC')
,('DIK','Dickinson - Theodore Roosevelt Regional Airport','Dickinson','ND')
;
INSERT INTO public."Airport" ("AirportCode","AirportName","AirportCity","AirportState") VALUES 
('GFK','Grand Forks International Airport','Grand Forks','ND')
,('MOT','Minot International Airport','Minot','ND')
,('BIS','Bismarck Municipal Airport','Bismarck','ND')
,('JMS','Jamestown Regional Airport','Jamestown','ND')
,('FAR','Hector International Airport','Fargo','ND')
,('ISN','Sloulin Field International Airport','Williston','ND')
,('DVL','Devils Lake Municipal Airport','Devils Lake','ND')
,('OMA','Eppley Airfield','Omaha','NE')
,('OFK','Karl Stefan Memorial Airport','Norfolk','NE')
,('BFF','Western Nebraska Regional Airport','Scottsbluff','NE')
;
INSERT INTO public."Airport" ("AirportCode","AirportName","AirportCity","AirportState") VALUES 
('LBF','North Platte Regional Airport Lee Bird Field','North Platte','NE')
,('EAR','Kearney Municipal Airport','Kearney','NE')
,('GRI','Central Nebraska Regional Airport','Grand Island','NE')
,('LNK','Lincoln Airport','Lincoln','NE')
,('MCK','Mc Cook Regional Airport','Mc Cook','NE')
,('AIA','Alliance Municipal Airport','Alliance','NE')
,('PSM','Pease International Airport','Portsmouth','NH')
,('EEN','Keene/Dillant-Hopkins Airport','Keene','NH')
,('MHT','Manchester Airport','Manchester','NH')
,('LEB','Lebanon Municipal Airport','Lebanon','NH')
;
INSERT INTO public."Airport" ("AirportCode","AirportName","AirportCity","AirportState") VALUES 
('MJX','Robert J. Miller Air Park','Toms River','NJ')
,('TTN','Trenton Mercer Airport','Trenton','NJ')
,('MMU','Morristown Municipal Airport','Morristown','NJ')
,('AIY','Atlantic City Municipal Airport/Bader Field','Atlantic City','NJ')
,('BLM','Monmouth Executive Airport','Belmar/Farmingdale','NJ')
,('TEB','Teterboro Airport','Teterboro','NJ')
,('MIV','Millville Municipal Airport','Millville','NJ')
,('CDW','Essex County Airport','Caldwell','NJ')
,('WWD','Cape May County Airport','Wildwood','NJ')
,('EWR','Newark Liberty International Airport','Newark','NJ')
;
INSERT INTO public."Airport" ("AirportCode","AirportName","AirportCity","AirportState") VALUES 
('ACY','Atlantic City International Airport','Egg Harbor Township','NJ')
,('FMN','Four Corners Regional Airport','Farmington','NM')
,('ROW','Roswell Industrial Air Center Airport','Roswell','NM')
,('SVC','Grant County Airport','Silver City','NM')
,('SAF','Santa Fe Municipal Airport','Santa Fe','NM')
,('HOB','Lea County Regional Airport','Hobbs','NM')
,('SRR','Sierra Blanca Regional Airport','Ruidoso','NM')
,('CNM','Cavern City Air Terminal','Carlsbad','NM')
,('ABQ','Albuquerque International Sunport','Albuquerque','NM')
,('SKX','Taos Regional Airport','Taos','NM')
;
INSERT INTO public."Airport" ("AirportCode","AirportName","AirportCity","AirportState") VALUES 
('LRU','Las Cruces International Airport','Las Cruces','NM')
,('GUP','Gallup Municipal Airport','Gallup','NM')
,('ALM','Alamogordo-White Sands Regional Airport','Alamogordo','NM')
,('ELY','Ely Airport','Ely','NV')
,('EKO','Elko Regional Airport','Elko','NV')
,('HND','Henderson Executive Airport','Las Vegas','NV')
,('VGT','North Las Vegas Air Terminal','Las Vegas','NV')
,('RNO','Reno-Tahoe International Airport','Reno','NV')
,('LAS','Mccarran International Airport','Las Vegas','NV')
,('FRG','Republic Airport','Farmingdale','NY')
;
INSERT INTO public."Airport" ("AirportCode","AirportName","AirportCity","AirportState") VALUES 
('SLK','Adirondack Regional Airport','Saranac Lake','NY')
,('ALB','Albany International Airport','Albany','NY')
,('BUF','Buffalo Niagara International Airport','Buffalo','NY')
,('JHW','Chautauqua County/Jamestown Airport','Jamestown','NY')
,('PLB','Clinton County Airport','Plattsburgh','NY')
,('JRB','Downtown Manhattan Heliport','New York','NY')
,('POU','Dutchess County Airport','Poughkeepsie','NY')
,('ELM','Elmira / Corning Regional Airport','Elmira / Corning','NY')
,('GFL','Floyd Bennett Memorial Airport','Glens Falls','NY')
,('BGM','Greater Binghamton Airport','Binghamton','NY')
;
INSERT INTO public."Airport" ("AirportCode","AirportName","AirportCity","AirportState") VALUES 
('ROC','Greater Rochester International Airport','Rochester','NY')
,('RME','Griffiss Airpark','Rome','NY')
,('ITH','Ithaca Tompkins Regional Airport','Ithaca','NY')
,('JFK','John F. Kennedy International Airport','New York','NY')
,('LGA','La Guardia Airport','New York','NY')
,('ISP','Macarthur Airport','Islip','NY')
,('MSS','Massena International Airport','Massena','NY')
,('OGS','Ogdensburg International Airport','Ogdensburg','NY')
,('UCA','Oneida County Airport','Utica','NY')
,('SWF','Stewart International Airport','Newburgh','NY')
;
INSERT INTO public."Airport" ("AirportCode","AirportName","AirportCity","AirportState") VALUES 
('MSV','Sullivan County International Airport','Monticello','NY')
,('SYR','Syracuse Hancock International Airport','Syracuse','NY')
,('ART','Watertown International Airport','Watertown','NY')
,('HPN','Westchester County Airport','White Plains','NY')
,('LUK','Cincinnati Municipal Airport Lunken Field','Cincinnati','OH')
,('CLE','Cleveland Hopkins International Airport','Cleveland','OH')
,('CVG','Cincinnati / Northern Kentucky International Airport','Cincinnati','OH')
,('OSU','Ohio State University Airport','Columbus','OH')
,('CAK','Akron-Canton Airport','North Canton','OH')
,('3T7','Middle Bass Island Airport','Middle Bass','OH')
;
INSERT INTO public."Airport" ("AirportCode","AirportName","AirportCity","AirportState") VALUES 
('SGH','Springfield-Beckley Municipal Airport','Springfield','OH')
,('PCW','Carl R Keller Field','Port Clinton','OH')
,('BKL','Burke Lakefront Airport','Cleveland','OH')
,('YNG','Youngstown Regional Airport','Youngstown','OH')
,('DAY','Dayton International Airport','Dayton','OH')
,('LPR','Lorain County Regional Airport','Lorain/Elyria','OH')
,('TOL','Toledo Express Airport','Toledo','OH')
,('3W2','Put - in - Bay Airport','Put - in - Bay','OH')
,('CGF','Cuyahoga County Airport','Cleveland','OH')
,('CMH','Port Columbus International Airport','Columbus','OH')
;
INSERT INTO public."Airport" ("AirportCode","AirportName","AirportCity","AirportState") VALUES 
('MFD','Mansfield Lahm Regional Airport','Mansfield','OH')
,('LCK','Rickenbacker International Airport','Columbus','OH')
,('PNC','Ponca City Regional Airport','Ponca City','OK')
,('SWO','Stillwater Regional Airport','Stillwater','OK')
,('OKC','Will Rogers World Airport','Oklahoma City','OK')
,('LAW','Lawton-Fort Sill Regional Airport','Lawton','OK')
,('WDG','Woodring Municipal Airport','Enid','OK')
,('TUL','Tulsa International Airport','Tulsa','OK')
,('PDT','Eastern Oregon Regional Airport At Pendleton','Pendleton','OR')
,('PDX','Portland International Airport','Portland','OR')
;
INSERT INTO public."Airport" ("AirportCode","AirportName","AirportCity","AirportState") VALUES 
('AST','Astoria Regional Airport','Astoria','OR')
,('RDM','Roberts Field','Redmond','OR')
,('OTH','North Bend Municipal Airport','North Bend','OR')
,('ONP','Newport Municipal Airport','Newport','OR')
,('SLE','Salem Municipal Airport - McNary Field','Salem','OR')
,('MFR','Medford Rogue Valley International Airport','Medford','OR')
,('MMV','Mc Minnville Municipal Airport','Mc Minnville','OR')
,('CVO','Corvallis Municipal Airport','Corvallis','OR')
,('EUG','Eugene Airport','Eugene','OR')
,('LMT','Klamath Falls Airport','Klamath Falls','OR')
;
INSERT INTO public."Airport" ("AirportCode","AirportName","AirportCity","AirportState") VALUES 
('PIT','Pittsburgh International Airport','Pittsburgh','PA')
,('FKL','Venango Regional Airport','Franklin','PA')
,('UNV','University Park Airport','State College','PA')
,('AVP','Wilkes-Barre/Scranton International Airport','Avoca','PA')
,('IPT','Williamsport Regional Airport','Williamsport','PA')
,('LBE','Arnold Palmer Regional Airport','Latrobe','PA')
,('JST','Johnstown-Cambria County Airport','Johnstown','PA')
,('AOO','Altoona-Blair County Airport','Altoona','PA')
,('AGC','Allegheny County Airport','Pittsburgh','PA')
,('RDG','Reading Regional Airport','Reading','PA')
;
INSERT INTO public."Airport" ("AirportCode","AirportName","AirportCity","AirportState") VALUES 
('ABE','Lehigh Valley International Airport','Allentown','PA')
,('MDT','Harrisburg International Airport','Harrisburg','PA')
,('DUJ','Du Bois-Jefferson County Airport','Du Bois','PA')
,('LNS','Lancaster Airport','Lancaster','PA')
,('ERI','Erie International Airport','Erie','PA')
,('PHL','Philadelphia International Airport','Philadelphia','PA')
,('BFD','Bradford Regional Airport','Bradford','PA')
,('CPX','Culebra Airport','Isla De Culebra','PR')
,('SJU','Luis Munoz Marin International Airport','San Juan','PR')
,('VQS','Vieques Airport','Isla De Vieques','PR')
;
INSERT INTO public."Airport" ("AirportCode","AirportName","AirportCity","AirportState") VALUES 
('X95','Diego Jimenez Torres Airport','Fajardo','PR')
,('PSE','Mercedita Airport','Ponce','PR')
,('BQN','Aguadilla Airport','Aguadilla','PR')
,('MAZ','Mayaquez Airport','Mayaguez','PR')
,('SIG','Fernando Luis Ribas Dominicci Airport','San Juan','PR')
,('UUU','Newport State Airport','Newport','RI')
,('PVD','T.F. Green Airport','Providence','RI')
,('OQU','Quonset State Airport','North Kingstown','RI')
,('SFZ','North Central State Airport','Pawtucket','RI')
,('BID','Block Island State Airport','Block Island','RI')
;
INSERT INTO public."Airport" ("AirportCode","AirportName","AirportCity","AirportState") VALUES 
('WST','Westerly State Airport','Westerly','RI')
,('CHS','Charleston International Airport','Charleston','SC')
,('CAE','Columbia Metropolitan Airport','Columbia','SC')
,('MYR','Myrtle Beach Airport','Myrtle Beach','SC')
,('AND','Anderson Regional Airport','Anderson','SC')
,('GSP','Greenville / Spartanburg Airport','Greenville','SC')
,('GYH','Donaldson Center Airport','Greenville','SC')
,('FLO','Florence Regional Airport','Florence','SC')
,('HXD','Hilton Head Airport','Hilton Head Island','SC')
,('YKN','Chan Gurney Municipal Airport','Yankton','SD')
;
INSERT INTO public."Airport" ("AirportCode","AirportName","AirportCity","AirportState") VALUES 
('PIR','Pierre Regional Airport','Pierre','SD')
,('RAP','Rapid City Regional Airport','Rapid City','SD')
,('ABR','Aberdeen Regional Airport','Aberdeen','SD')
,('MHE','Mitchell Municipal Airport','Mitchell','SD')
,('FSD','Sioux Falls Regional Airport','Sioux Falls','SD')
,('HON','Huron Regional Airport','Huron','SD')
,('BKX','Brookings Municipal Airport','Brookings','SD')
,('ATY','Watertown Municipal Airport','Watertown','SD')
,('MKL','Mc Kellar-Sipes Regional Airport','Jackson','TN')
,('TRI','Tri-Cities Regional Airport','Blountville','TN')
;
INSERT INTO public."Airport" ("AirportCode","AirportName","AirportCity","AirportState") VALUES 
('BNA','Nashville International Airport','Nashville','TN')
,('TYS','Mcghee Tyson Airport','Knoxville','TN')
,('CHA','Chattanooga Metropolitan Airport','Chattanooga','TN')
,('MQY','Smyrna Airport','Smyrna','TN')
,('MEM','Memphis Airport','Memphis','TN')
,('NQA','Millington Regional Jetport','Millington','TN')
,('LBX','Brazoria County Airport','Angleton/Lake Jackson','TX')
,('HOU','Hobby Airport','Houston','TX')
,('EFD','Ellington Field','Houston','TX')
,('ELP','El Paso International Airport','El Paso','TX')
;
INSERT INTO public."Airport" ("AirportCode","AirportName","AirportCity","AirportState") VALUES 
('ILE','Skylark Field','Killeen','TX')
,('BRO','Brownsville/South Padre Island International Airport','Brownsville','TX')
,('CLL','Easterwood Airport','College Station','TX')
,('IAH','Bush Intercontinental Airport','Houston','TX')
,('GRK','Killeen-Fort Hood Regional Airport','Fort Hood / Killeen','TX')
,('ACT','Waco Regional Airport','Waco','TX')
,('GGG','East Texas Regional Airport','Longview','TX')
,('TPL','Draughon-Miller Central Texas Regional Airport','Temple','TX')
,('LRD','Laredo International Airport','Laredo','TX')
,('VCT','Victoria Regional Airport','Victoria','TX')
;
INSERT INTO public."Airport" ("AirportCode","AirportName","AirportCity","AirportState") VALUES 
('DRT','Del Rio International Airport','Del Rio','TX')
,('BPT','Southeast Texas Regional Airport','Beaumont / Port Arthur','TX')
,('SJT','San Angelo Regional Airport/Mathis Field','San Angelo','TX')
,('MAF','Midland International Airport','Midland','TX')
,('TYR','Tyler Pounds Regional Airport','Tyler','TX')
,('GLS','Galveston/Scholes International Airport','Galveston','TX')
,('AUS','Austin-Bergstrom International Airport','Austin','TX')
,('SPS','Wichita Falls Municipal Airport','Wichita Falls','TX')
,('FTW','Fort Worth Meacham International Airport','Fort Worth','TX')
,('ABI','Abilene Regional Airport','Abilene','TX')
;
INSERT INTO public."Airport" ("AirportCode","AirportName","AirportCity","AirportState") VALUES 
('DAL','Dallas Love Field','Dallas','TX')
,('LBB','Lubbock International Airport','Lubbock','TX')
,('AMA','Amarillo International Airport','Amarillo','TX')
,('HRL','Valley International Airport','Harlingen','TX')
,('SAT','San Antonio International Airport','San Antonio','TX')
,('CRP','Corpus Christi International Airport','Corpus Christi','TX')
,('MFE','Mcallen-Miller International Airport','Mcallen','TX')
,('DFW','Dallas/Fort Worth International Airport','Dallas','TX')
,('CDC','Cedar City Regional Airport','Cedar City','UT')
,('SGU','St George Municipal Airport','St George','UT')
;
INSERT INTO public."Airport" ("AirportCode","AirportName","AirportCity","AirportState") VALUES 
('CNY','Canyonlands Field','Moab','UT')
,('PVU','Provo Municipal Airport','Provo','UT')
,('SLC','Salt Lake City International Airport','Salt Lake City','UT')
,('OGD','Ogden-Hinckley Airport','Ogden','UT')
,('BCE','Bryce Canyon Airport','Bryce Canyon','UT')
,('CHO','Charlottesville-Albemarle Airport','Charlottesville','VA')
,('SHD','Shenandoah Valley Regional Airport','Harrisonburg','VA')
,('DAN','Danville Regional Airport','Danville','VA')
,('LYH','Lynchburg Regional Airport/Preston Glenn Field','Lynchburg','VA')
,('PHF','Newport News/Williamsburg International Airport','Newport News','VA')
;
INSERT INTO public."Airport" ("AirportCode","AirportName","AirportCity","AirportState") VALUES 
('ORF','Norfolk International Airport','Norfolk','VA')
,('ROA','Roanoke Regional Airport','Roanoke','VA')
,('RIC','Richmond International Airport','Richmond','VA')
,('STX','Henry E Rohlsen Airport','Christiansted','VI')
,('STT','Cyril E King Airport','Charlotte Amalie','VI')
,('MPV','Edward F. Knapp State Airport','Barre/Montpelier','VT')
,('EFK','Newport State Airport','Newport','VT')
,('BTV','Burlington International Airport','South Burlington','VT')
,('DDH','William H. Morse State Airport','Bennington','VT')
,('RUT','Rutland State Airport','Rutland','VT')
;
INSERT INTO public."Airport" ("AirportCode","AirportName","AirportCity","AirportState") VALUES 
('MVL','Morrisville-Stowe State Airport','Morrisville','VT')
,('GEG','Spokane International Airport','Spokane','WA')
,('MWH','Grant County International Airport','Moses Lake','WA')
,('74S','Anacortes Airport','Anacortes','WA')
,('PSC','Tri-Cities Airport','Pasco','WA')
,('YKM','Yakima Air Terminal/Mcallister Field','Yakima','WA')
,('ORS','Orcas Island Airport','Eastsound','WA')
,('ALW','Walla Walla Regional Airport','Walla Walla','WA')
,('EAT','Pangborn Memorial Airport','Wenatchee','WA')
,('SEA','Seattle/Tacoma International Airport','Seattle','WA')
;
INSERT INTO public."Airport" ("AirportCode","AirportName","AirportCity","AirportState") VALUES 
('PWT','Bremerton National Airport','Bremerton','WA')
,('PAE','Snohomish County Airport (Paine Field)','Everett','WA')
,('PUW','Pullman / Moscow Regional Airport','Pullman / Moscow, ID','WA')
,('BFI','Boeing Field/King County International Airport','Seattle','WA')
,('BLI','Bellingham International Airport','Bellingham','WA')
,('FHR','Friday Harbor Airport','Friday Harbor','WA')
,('OLM','Olympia Airport','Olympia','WA')
,('CLM','William R Fairchild International Airport','Port Angeles','WA')
,('ENW','Kenosha Regional Airport','Kenosha','WI')
,('JVL','Southern Wisconsin Regional Airport','Janesville','WI')
;
INSERT INTO public."Airport" ("AirportCode","AirportName","AirportCity","AirportState") VALUES 
('LSE','La Crosse Municipal Airport','La Crosse','WI')
,('RHI','Rhinelander-Oneida County Airport','Rhinelander','WI')
,('ATW','Outagamie County Regional Airport','Appleton','WI')
,('EAU','Chippewa Valley Regional Airport','Eau Claire','WI')
,('CWA','Central Wisconsin Airport','Mosinee','WI')
,('OSH','Wittman Regional Airport','Oshkosh','WI')
,('GRB','Austin Straubel International Airport','Green Bay','WI')
,('MSN','Dane County Regional Airport','Madison','WI')
,('MKE','General Mitchell International Airport','Milwaukee','WI')
,('BKW','Raleigh County Memorial Airport','Beckley','WV')
;
INSERT INTO public."Airport" ("AirportCode","AirportName","AirportCity","AirportState") VALUES 
('HTS','Tri-State Airport','Huntington','WV')
,('MGW','Morgantown Municipal Airport','Morgantown','WV')
,('CRW','Charleston Yeager Airport','Charleston','WV')
,('CKB','Harrison/Marion Regional Airport','Clarksburg','WV')
,('PKB','Mid-Ohio Valley Regional Airport','Parkersburg','WV')
,('LWB','Greenbrier Valley Airport','Lewisburg','WV')
,('CPR','Natrona County International Airport','Casper','WY')
,('WRL','Worland Municipal Airport','Worland','WY')
,('JAC','Jackson Hole Airport','Jackson','WY')
,('COD','Yellowstone Regional Airport','Cody','WY')
;
INSERT INTO public."Airport" ("AirportCode","AirportName","AirportCity","AirportState") VALUES 
('LAR','Laramie Regional Airport','Laramie','WY')
,('GCC','Gillette-Campbell County Airport','Gillette','WY')
,('CYS','Cheyenne Regional Airport','Cheyenne','WY')
,('SHR','Sheridan County Airport','Sheridan','WY')
,('RIW','Riverton Regional Airport','Riverton','WY')
,('RKS','Rock Springs-Sweetwater County Airport','Rock Springs','WY')
;

INSERT INTO public."User" ("UserName","PasswordHash") VALUES 
('dminto0','F0Q1ZKAEBE95')
,('jblaine1','SHNUSGNBAT26')
,('EdwardEmployee', '$2y$10$UCfU9.HOZHgMxdoE690T1.bc4kM5iXqlW9A.i0npGSNLQRHzJF1g.' )
,('CarlCustomer','$2y$10$UCfU9.HOZHgMxdoE690T1.bc4kM5iXqlW9A.i0npGSNLQRHzJF1g.')
,('jaubrun2','D8Q8CH7L8W73')
,('jpear3','YG38XPVY6B92')
,('csmelley4','RAQ4D0AOHL81')
,('kjeskin5','G0XR69L3ZR90')
,('cseeler6','NIQ9ELE9PL82')
,('ofarfolomeev7','RJM0KCFMO854')
,('nogers8','LB8KDKKO5J15')
,('mgeorgiev9','SMNLJIQYO609')
;
INSERT INTO public."User" ("UserName","PasswordHash") VALUES 
('vovanesiana','Q0K0WBIMAB82')
,('sdinckeb','Z89XLQKV6Z26')
,('mkirklandc','A0IO0G4QWG03')
,('nraistond','Z0N7OWHIKW61')
,('sthrosselle','CICYRN9G5N79')
,('sringf','HPP0XFU4S682')
,('cmiskeng','KGZG97CGA597')
,('whallfordh','TUE31PO7LY78')
,('cblackborowi','BQKK5ZAWSZ10')
,('kmccarlyj','J52Y6MO86Z75')
;
INSERT INTO public."User" ("UserName","PasswordHash") VALUES 
('mllelwelnk','KQTAYR29A041')
,('bmckeeverl','CK6C7YLR9346')
,('abuttressm','GJPKGBO54K24')
,('pleggittn','ROISCVLE4001')
,('gjakobssono','OZGRTLH9BU73')
,('mkirklandp','DRGOWK559W04')
,('vhuckq','VJQHDBOTYV34')
,('jsyddallr','YKZ0E1PPF616')
,('dmoncktons','DAIM4EWSZH27')
,('gmaccit','RSTAUJ9MR438')
;
INSERT INTO public."User" ("UserName","PasswordHash") VALUES 
('sschermeu','Z8V5ZNRU0951')
,('tshrubbv','UF59TUWUH941')
,('smagsonw','KLHTVVE86Z25')
,('mcattowx','PODLP6RN8E65')
,('nseamonsy','LVFROGVTED66')
,('gholtumz','BNCXZOUWH812')
,('dleithharvey10','WXC62BJC5M13')
,('htilt11','YAUER4I7TB98')
,('hgandey12','H0R47FJNQA37')
,('bslyde13','ZJAMUPIPEU70')
;
INSERT INTO public."User" ("UserName","PasswordHash") VALUES 
('jbrosh14','YGBQM6JY8Y18')
,('ltallant15','ILKIJ6PV3S65')
,('bdufton16','H1DR94I3DE98')
,('sbuzin17','Z4YZTCOBOT86')
,('ttumasian18','TU4V3GIEZN56')
,('bbartolic19','L5HFOYBTII92')
,('ehaggard1a','DPOQVRPBNJ06')
,('jalfonsetto1b','KY4FPJ2JCC83')
,('nilyukhov1c','Z9CYPBCY4X98')
,('bcoxwell1d','YA2EM6DDTG55')
;
INSERT INTO public."User" ("UserName","PasswordHash") VALUES 
('kbenne1e','TK5OB14MVF11')
,('mcolthurst1f','UTECVRH2YO61')
,('kkilrow1g','OJ7FUSK06F75')
,('nheistermann1h','C494KBE49J68')
,('acamm1i','F9C30K791J28')
,('maukland1j','SGFLRE2G0497')
,('lkibbel1k','PZ0LYWDC3C64')
,('nselvey1l','IOXSLO7KSD05')
,('jwinterscale1m','T8UC0298ES86')
,('rverlinden1n','UTIY737CQU71')
;
INSERT INTO public."User" ("UserName","PasswordHash") VALUES 
('kphillip1o','A1EBDH05OP42')
,('sbrogan1p','Z1DK3T6GQU27')
,('thrycek1q','Q8L275FW6D97')
,('adory1r','TB7HFOBYYM50')
,('msander1s','I1FQ1A51NE51')
,('tcow1t','FTQXPQ2F9V91')
,('aharnwell1u','ZNPFFYZFUT28')
,('bbleackley1v','TIPDD6LI2V50')
,('gaverall1w','GBN939QHG641')
,('eseely1x','NFV1BHZB6N29')
;
INSERT INTO public."User" ("UserName","PasswordHash") VALUES 
('lfieldgate1y','KC358EQSST65')
,('rrochell1z','DYUHJXVELK96')
,('ftopping20','YDL2S4ECUL31')
,('gsibbons21','BR3KAZ6XNA74')
,('adracksford22','KPWL8MKFF366')
,('bjaume23','AKX91GLLVE53')
,('hfaulkner24','CJ5ND800DI80')
,('gbenz25','G4W69XO6RW83')
,('ygary26','Y221D3PZBC13')
,('vmattacks27','TEEPT864O955')
;
INSERT INTO public."User" ("UserName","PasswordHash") VALUES 
('shardy28','DBI4KMM09X90')
,('crusse29','UL4SHNR7O800')
,('kcheston2a','JT8ET0L57Y46')
,('kpitkin2b','QTADIP7EJN39')
,('gberresford2c','CSMZEXQ6PT31')
,('rhalburton2d','OSK3K6C54988')
,('dgarza2e','EHG6IJSYDA58')
,('sduggen2f','M45EV2DUAA64')
,('dabrahamsson2g','ZV84SQMCQ775')
,('bjimeno2h','KYPOEWEJ4Z98')
;
INSERT INTO public."User" ("UserName","PasswordHash") VALUES 
('jbadman2i','AR5SIFGM1Y00')
,('wwillingham2j','E67ZRFZ7P668')
,('cmackall2k','GD03EM3WP608')
,('mcaffin2l','WUJ88DTSNL66')
,('gwalding2m','L5PB88F7H536')
,('nsonghurst2n','VAWX24PY8432')
,('arichings2o','P3SGYZT0H085')
,('hmaliffe2p','NYXKU3GQD443')
,('zgasker2q','VBYLJ3KRFD73')
,('acucinotta2r','HLBY10H7EG35')
;
INSERT INTO public."User" ("UserName","PasswordHash") VALUES 
('clorenzini2s','B5GW3GDOF500')
,('mgrasser2t','VUFAAH8TEM28')
,('drummin2u','ZDVVKJKREO38')
,('jmaccraw2v','LE96YOZ8MG40')
,('bholby2w','J0BUXE3U9716')
,('mcheater2x','MFAQS3PEJX40')
,('wcranch2y','Y3KPLATLOW31')
,('ltunsley2z','C7CU94WD3R71')
,('khuller30','D0LZHP68CD36')
,('jsmewing31','WOSNHPDYM437')
;
INSERT INTO public."User" ("UserName","PasswordHash") VALUES 
('clindenberg32','KQLGHQKUU342')
,('nadamides33','QLW6LNLIVF40')
,('hcaulliere34','NZFBR3EF5V52')
,('baikenhead35','YXVJ4DG4DH10')
,('tdowey36','AZ6QH4O8FX53')
,('msindell37','JQXQYGPZ1D62')
,('cvassel38','KZLU02S5I551')
,('lscotchmer39','Q34ALVTWAD90')
,('dmusprat3a','SKHUTG00PC25')
,('cwitherup3b','I3HPKV318G10')
;
INSERT INTO public."User" ("UserName","PasswordHash") VALUES 
('gpidgeley3c','U5YXB9LFT910')
,('ahawkslee3d','A6SH20LFAL13')
,('kwolfenden3e','KAGWMCIRDT10')
,('clamprey3f','CZ0YWI01VT49')
,('cscimonelli3g','HA5GCC3A7D33')
,('efrizell3h','C8LE74XUL650')
,('rcavozzi3i','B6QYKNXRCP11')
,('pstrettle3j','LKKEU8MMFT94')
,('ybulward3k','E73L5OOES386')
,('fkeelin3l','QJ6A5LUTCT99')
;
INSERT INTO public."User" ("UserName","PasswordHash") VALUES 
('cfludgate3m','SHYGJ1SB8J65')
,('bfearnall3n','PHEZXJHXRZ86')
,('acushworth3o','DHHD6QERR949')
,('acissell3p','FOATII7DXV42')
,('lvalentino3q','CD8J20GO5B23')
,('rhubble3r','U3NT7S9JD756')
,('mbrinson3s','XP509NPJ5376')
,('cdemoge3t','QKGMV8ER8T64')
,('wgrivori3u','VP1Q8V7LHS06')
,('dscotchmore3v','GP3UEIHW4R06')
;
INSERT INTO public."User" ("UserName","PasswordHash") VALUES 
('nbreckenridge3w','PWNBBS3ULQ18')
,('mmckague3x','GIWIH5J1CN85')
,('ghansman3y','W18R1H95DK89')
,('zdionisii3z','RW7J0NGOUH22')
,('ccaffery40','E66Z7NKGD915')
,('psharville41','QRAE3O8N0M37')
,('vferryn42','LJ4Q8RS8E488')
,('fdusting43','W9FD4DHS9Z97')
,('adorcey44','V2FS6UBK3P97')
,('mlailey45','VNUO3W0KHA12')
;
INSERT INTO public."User" ("UserName","PasswordHash") VALUES 
('dhanvey46','FYMZSY2DC116')
,('kbande47','DIIMKP6TWT97')
,('sangless48','AKMFQ7NMZM49')
,('danthonsen49','JCKFUUWRNX36')
,('jdadge4a','OTPJQ0XXQA01')
,('istucksbury4b','B6M5HJ7O8K70')
,('nkarpman4c','AU6U8K86W361')
,('steal4d','DQ5OWOQRQY06')
,('rbeagles4e','W80R7ATMKF40')
,('cblowen4f','FY642X1QXO78')
;
INSERT INTO public."User" ("UserName","PasswordHash") VALUES 
('eskipton4g','QANOEIKIJN35')
,('amiddas4h','HPJYKP622C63')
,('fheck4i','PJQKFJBW9J87')
,('coruane4j','GLY0QFRYFM48')
,('dpedder4k','NLJZF2B8UA13')
,('zsilber4l','GMON4VLU9025')
,('lcorr4m','JEWSKK42BU42')
,('fswafford4n','AHPD3GSERP07')
,('csaw4o','N6O41O40TC45')
,('glegging4p','RFUOSIATDZ50')
;
INSERT INTO public."User" ("UserName","PasswordHash") VALUES 
('cfilipic4q','NPKF1NXL2I85')
,('cmalinowski4r','CD9LYEOZ7K31')
,('gcole4s','BK2JG0R6ZZ59')
,('mmidlane4t','RHXDTK5L8A18')
,('gcaulfield4u','LKPU5TDB1T47')
,('deccleshall4v','QYSJTT75XZ89')
,('cdewsbury4w','SHM4XP9L9494')
,('gmcartan4x','U5V34215P373')
,('jralph4y','T0M6OHYHHI91')
,('lhurn4z','WFYY4L8DCE04')
;
INSERT INTO public."User" ("UserName","PasswordHash") VALUES 
('dsunderland50','RU76MURW1N56')
,('dshuttle51','BVKI1J9HJF54')
,('hsleigh52','FHLGF6MT0J14')
,('cboller53','GBQ7BHUOOY32')
,('idrummer54','Y7TEJC4Y7Y86')
,('rcasarino55','UOH0JGUYB569')
,('bbony56','M2174KLWJE11')
,('krieger57','JO6QGQODA106')
,('mpolley58','DW6WWNVDVX31')
,('mgeelan59','QNAMZ4C93285')
;
INSERT INTO public."User" ("UserName","PasswordHash") VALUES 
('fbanger5a','AO6U292QM650')
,('hnewlands5b','ZS4T529YSU66')
,('rpaterson5c','HYHLJFLBI546')
,('ffernao5d','QTHJGOXVX056')
,('rhammel5e','SZ3A28Z6DS71')
,('jgurley5f','GZ1TERIW6L68')
,('cgore5g','FWSG9AX38P19')
,('jminty5h','ON0KIMQ3SW82')
,('eblaker5i','MMEFCU5IFW77')
,('abodham5j','XF696F0SFW81')
;
INSERT INTO public."User" ("UserName","PasswordHash") VALUES 
('myakebowitch5k','MG2XTN2ERF21')
,('icamplen5l','T0KHL9IG9201')
,('azarfati5m','E0EIQ929Y601')
,('fcurtain5n','T2JP0L9SLB06')
,('spresslee5o','MBE4QJKCUR57')
,('alittleover5p','GUGQCSI8R202')
,('srhydderch5q','EG29N3E60579')
,('snairns5r','VFU667UNV590')
,('zvergine5s','ACC637H6VU90')
,('pgogarty5t','UFYW3FU8QW27')
;
INSERT INTO public."User" ("UserName","PasswordHash") VALUES 
('ytilbury5u','S9G14FPZQZ82')
,('eburne5v','KDDS029MUC37')
,('sfennick5w','RVPW91NDPM21')
,('sverdie5x','XB93LAH4H474')
,('bhaffenden5y','KIYT25PV8L15')
,('jkingwell5z','V78B3GNWVG82')
,('idecourt60','SZKJBGVGDG25')
,('ebenjafield61','YVXVAE871W73')
,('hdonald62','ATBGPJT5OY70')
,('rgong63','Y3RPO8HG5450')
;
INSERT INTO public."User" ("UserName","PasswordHash") VALUES 
('mvaneeden64','KLUA2Y4DP723')
,('sjacobbe65','OUULRMU83R07')
,('rcrosfeld66','VP462OMLAN79')
,('cdargan67','VQV0V34RXS16')
,('jfitkin68','W4B7D3W76K19')
,('cgreenhalgh69','P3IINKMRZQ58')
,('sdomingues6a','C6YRW5B4H512')
,('jsalthouse6b','SR9OUMO9G852')
,('kber6c','KL7BZV7MAL69')
,('solley6d','EL1T6YWV0310')
;
INSERT INTO public."User" ("UserName","PasswordHash") VALUES 
('mcadlock6e','W9KGAH6ODD38')
,('pgallico6f','WD7KIQU70Z41')
,('wiban6g','UKOE7WT79S63')
,('wmitskevich6h','PGUUEGUGEW17')
,('awinslet6i','ZCFV3G6FTA12')
,('rdorie6j','F0VYII0PEL36')
,('ohasell6k','CTEY41BXKG23')
,('enowill6l','V8XXMPV3H820')
,('dculpin6m','LYWOOR4PEU78')
,('mchurchman6n','D71N1OKBSD65')
;
INSERT INTO public."User" ("UserName","PasswordHash") VALUES 
('pprandy6o','FYKF120KDF64')
,('lmacoun6p','U4VQNUH1NR32')
,('olauxmann6q','ZSTDRRG3N824')
,('dchamberlaine6r','ODKG2AJFJL53')
,('kkerrigan6s','EZQOUDC4RP45')
,('abolwell6t','V7M6Q0TG9U35')
,('acansdale6u','TVSGX87SBE96')
,('mbasill6v','SS8OQUZNL433')
,('qkatt6w','UOE8W0VW1X98')
,('ebrickner6x','A2C6M9EUV608')
;
INSERT INTO public."User" ("UserName","PasswordHash") VALUES 
('jkonig6y','Y5C1KWDCK516')
,('ccoulter6z','HK4XIXCGS443')
,('ohunnawill70','KXVAGRXU7627')
,('lpavlovic71','K25HG1UX5E31')
,('cwrighton72','FZ6IR6NS8F14')
,('mantonov73','MESKANJVLO77')
,('dstandon74','Q2QY7E3IEU47')
,('chealing75','BE1E0PKRRQ95')
,('relijah76','UKXIDWP2WD31')
,('mdougal77','OJ3Z3BBQBA43')
;
INSERT INTO public."User" ("UserName","PasswordHash") VALUES 
('mwitcherley78','GLLRAV68GA62')
,('wwanderschek79','GFWBCLG9N086')
,('sching7a','DL0ITKNSLX03')
,('grogier7b','P18ZSFLNSU48')
,('lcheal7c','TJGDZT8SNA53')
,('cmcguffog7d','OYTBV765G222')
,('ldawton7e','LC4TI3GSEX86')
,('bchicco7f','MU5FW46HB560')
,('jvedyaev7g','NBQCV2Y09F46')
,('aburniston7h','B640EXYUOZ17')
;
INSERT INTO public."User" ("UserName","PasswordHash") VALUES 
('tschleswigholstein7i','NBSSBF5BZA39')
,('okaas7j','O7N9C6348D31')
,('lhughs7k','J26YPQE4KQ51')
,('cshekle7l','NB881CW9E177')
,('fbeany7m','O0MMDTZ6QU56')
,('kdigance7n','IGU6YF2PYF47')
,('aismead7o','G410AUYRZE36')
,('rleppingwell7p','Q6BRD29M2T83')
,('awatsam7q','OJHZIMXT8H88')
,('gjinkins7r','FD46XI04FI98')
;
INSERT INTO public."User" ("UserName","PasswordHash") VALUES 
('dstood7s','RCPVUJBVTM12')
,('cortsmann7t','NUYDGF8JUC16')
,('jmollene7u','M14J9AUEO879')
,('scrowche7v','TCBSMK0TYZ09')
,('cyurocjhin7w','B9HOYH3YU297')
,('lantyshev7x','EWD5EA91BM48')
,('zfrugier7y','IN524ISLW207')
,('ksissens7z','ZN1V233YYC20')
,('ypykett80','VT15B40M1P03')
,('mmacenelly81','LCF1GGZK7737')
;
INSERT INTO public."User" ("UserName","PasswordHash") VALUES 
('apavy82','ERVJ579VYW00')
,('cnarducci83','H1A9VZKHL771')
,('jriccione84','RJI6MJAGGT80')
,('ibonelle85','GKV4VESI6K46')
,('jguirard86','D2O9YCSQ5O56')
,('tmccreery87','THAP9PVMKO56')
,('dboullin88','A7NECJNP1A85')
,('kochterlonie89','E7CFDLPKFU07')
,('hfoulcher8a','PVOBAZ2TI836')
,('cdelhay8b','O7WNQC092P84')
;
INSERT INTO public."User" ("UserName","PasswordHash") VALUES 
('saim8c','VU8LZLAFM418')
,('gmoxstead8d','MRX4HBMLT073')
,('sbattye8e','XRRXEC7SZY54')
,('jedginton8f','WRN58O3R3S63')
,('mhassur8g','QHGK5B4O0E35')
,('cfriett8h','BARLVDMKI946')
,('fcraig8i','NDXULL6C2623')
,('wwaterfield8j','OMA1HA43FO12')
,('kblitzer8k','K5ZGGQK0VC33')
,('egovini8l','LCSOSUGBN527')
;
INSERT INTO public."User" ("UserName","PasswordHash") VALUES 
('aragles8m','KOSFLYSWAJ74')
,('mockendon8n','HOGPGBPS8T66')
,('rcasetta8o','YTP9AAP6FS22')
,('reasseby8p','M2N6CLAFL928')
,('dfeehery8q','QMNP6G23UT78')
,('hgloves8r','ZDF2EF4T2C07')
,('rstride8s','R0G7KYK0MJ53')
,('jarmell8t','YNGT85Y7AU50')
,('sdurbann8u','ERX4F725DP89')
,('dredfern8v','EO3T20950773')
;
INSERT INTO public."User" ("UserName","PasswordHash") VALUES 
('dkerrigan8w','C3EB0V7KGO13')
,('skinvig8x','QBJ6809B0065')
,('ogeraldini8y','YI5PNPTLBA05')
,('lbrimilcome8z','CFM1MHUSFL85')
,('mnoury90','VUUQ3QNM3W75')
,('scherrett91','JH83BYNJAO38')
,('skrollmann92','KS3OGAV92P97')
,('lcaps93','E0PP0GB7X417')
,('mnancarrow94','QY7JRTN6F187')
,('psteljes95','FOIYFVR1PQ33')
;
INSERT INTO public."User" ("UserName","PasswordHash") VALUES 
('sberriman96','XY5Q24WW8K29')
,('mmaric97','JFNSMSK7W261')
,('rklausewitz98','GSDWR0QC0231')
,('amozzetti99','AVLVBVNS7123')
,('soneary9a','LL5AQ6OFFU82')
,('rspires9b','OKU8D6N2LG84')
,('usegebrecht9c','HO6VHDSWKR98')
,('hfalshaw9d','T2ANNO431313')
,('acoppins9e','HLOS93JCF003')
,('tlister9f','ISOHAYN6MT06')
;
INSERT INTO public."User" ("UserName","PasswordHash") VALUES 
('kgossart9g','EBDOC3XDYD33')
,('dcurrom9h','ZDY46S76AA48')
,('mbilles9i','YFSHM4U88U65')
,('lnudds9j','TIUKPYCQ5U52')
,('mgiacobbinijacob9k','FJ1EN7X6A125')
,('kgyurko9l','DDUB5XVN4903')
,('tmcclay9m','EW5OVTJK3E39')
,('mcampkin9n','PLWRUYWU6P22')
,('gkobieriecki9o','DRAR2P3LVN37')
,('bgawith9p','YA7R5Z31D607')
;
INSERT INTO public."User" ("UserName","PasswordHash") VALUES 
('mdoeg9q','LMG2GPNRWY87')
,('ymenear9r','HCNK0FJ18J68')
,('shawkridge9s','RPUURAMSVO68')
,('tgooderson9t','MVFTKMUD8V44')
,('jwebburn9u','RWQ3ATYAFF61')
,('nsphinxe9v','REFH79VHWQ18')
,('jbodle9w','EH05GCE0YD62')
,('logrowgane9x','M5W3DGCPKQ21')
,('obonhan9y','ATJ2UF4HJK82')
,('khum9z','HPOU53AUH099')
;
INSERT INTO public."User" ("UserName","PasswordHash") VALUES 
('kastleta0','OZWK45ZH2O84')
,('lwylemana1','TAVRA317LI02')
,('mminettea2','MR13WTLD4748')
,('gcornila3','LVV0WC3GE507')
,('crusticha4','WMIM8QB96691')
,('tbellera5','DGWG0CJEB347')
,('nlaxsona6','Q0PAT3SPF748')
,('pmannagha7','FN958MRXPZ40')
,('mmalina8','J9AG6GKUCQ89')
,('espurriera9','KTBPE6GELC99')
;
INSERT INTO public."User" ("UserName","PasswordHash") VALUES 
('kflowerdewaa','BD3G0ZBGFN49')
,('bpippinab','UYKW97ENPF72')
,('bbaskervilleac','XH7LKSFCKL38')
,('csullyad','SNQJB4NJG439')
,('rbrittlebankae','YM185LOYJZ10')
,('mkiddaf','Q8ZDXBQBJI30')
,('gshaftoag','EDKMKFI8UF15')
,('dmcelhargyah','JTSHQ6L8UC32')
,('kdunsireai','I6L1AZFT7S18')
,('fnewnsaj','RRY6EQCBKK67')
;
INSERT INTO public."User" ("UserName","PasswordHash") VALUES 
('nspentonak','U9WB9GADD328')
,('omuskettal','DAB0GR49LA73')
,('josorioam','U1XA6UC7CN17')
,('gdirkinan','G93ZEJF2EV60')
,('jgerrishao','ROEZTHA7Z516')
,('cdeluceap','VAVZCPZH2W91')
,('nantonettiaq','Z3NOLA16GL67')
,('kwycliffar','J2AOC2SNXH70')
,('cwauchopeas','U6MJRJL3OM95')
,('adolmanat','IDNML7EU7F67')
;
INSERT INTO public."User" ("UserName","PasswordHash") VALUES 
('tcundeau','GEYIF9A2Y270')
,('awebsdaleav','Q8K7V3DVNH16')
,('sgritsunovaw','Z85RODTG8H08')
,('dlongmoreax','P855J8W9DP46')
,('kskellingtonay','IOW6BMLGOI06')
,('skornasaz','BUYHQQKO0613')
,('skewishb0','S6KEORU2L409')
,('ptoffaninib1','VHFGHB94MD43')
,('rpagninb2','WW0X66FJ7N17')
,('upiolib3','E7C3D5VJUI01')
;
INSERT INTO public."User" ("UserName","PasswordHash") VALUES 
('chummerstonb4','T9JD1DL9PD58')
,('tjodlkowskib5','LH4MG90MPL34')
,('sgoldbyb6','ZL5WOTVFNU67')
,('npendleberryb7','E7O2Q2RVF611')
,('gcodlinb8','B14OG3KEST23')
,('dbedberryb9','E6Q20JRRFN28')
,('mstanneringba','P380VA6C3S64')
,('mgrutbb','FE52XGD6P848')
,('njollandbc','BKZTNNFM0R54')
,('tgreenbd','D4IX37A3EN19')
;
INSERT INTO public."User" ("UserName","PasswordHash") VALUES 
('mskermerbe','KJGWNT6ML826')
,('hdewburybf','IGUNW2P5PV04')
,('kishchenkobg','ELIDEQN3US14')
,('phryncewiczbh','M5SSLOWB5V68')
,('kguidibi','RD805GMH8W34')
,('blooselybj','TA6972RQZL76')
,('hwhatmoughbk','AA5CZVVEO827')
,('lalvarezbl','XDHO6OK3GE16')
,('ohiggonetbm','KS00NLUS3E78')
,('hhutcheonbn','ZGMHM40G6Z64')
;
INSERT INTO public."User" ("UserName","PasswordHash") VALUES 
('mbeebebo','FU43QZCQ3X35')
,('ainglesentbp','AI8E868LG290')
,('mportressbq','MV0QK1SH7V36')
,('edanovichbr','WTLDCUBSYG80')
,('mvenardbs','IH946YW6UZ34')
,('kbendleybt','M563WBDB9116')
,('lzettlerbu','OYQQ5EU89M64')
,('lwalewiczbv','IPHXERP98798')
,('amcartanbw','GODC21DF0B20')
,('lpearseybx','EAGG38QAT261')
;
INSERT INTO public."User" ("UserName","PasswordHash") VALUES 
('mdanickby','MHPWLNWSHO19')
,('afellowesbz','QY1MXH85FG49')
,('tlouthc0','B10PEXRHBT77')
,('jspadonic1','Q1ZP9PI2I699')
,('lbailliec2','B03FB9QL0636')
,('vbackec3','UFNVGT4X2T37')
,('sseckerc4','HRL7D4PAIM17')
,('gverrechiac5','OM92HDK79U34')
,('bbreawoodc6','BBSSIGOR1H21')
,('ssootsc7','EUKB8DS6DE10')
;
INSERT INTO public."User" ("UserName","PasswordHash") VALUES 
('kmcalarneyc8','H89O62H49K89')
,('mglenniec9','M4UAQKY00L82')
,('lcescoca','CBOWO39KAN93')
,('baustincb','UCUQMB0A5C91')
,('utemlettcc','YQBVG2NU2U03')
,('cselburncd','HJORA65FXJ09')
,('scouchce','DRE4MLN5AF55')
,('mmcevillycf','QSBRTIBRCI15')
,('cramirezcg','K5HQBBEFKU28')
,('ewanderschekch','PQW2P4IJH950')
;
INSERT INTO public."User" ("UserName","PasswordHash") VALUES 
('grobelinci','IMSRG6IFXL62')
,('ncraythorncj','R8W309178Z32')
,('jmollonck','KAGSIHG3YF96')
,('csanziocl','H3VRWYF2FP50')
,('lcollishawcm','SPR1TYS01G01')
,('wbottjercn','QUD0JNFO3U08')
,('charberco','O9D0LE0UL084')
,('rstanneringcp','MUQRMLBLJ086')
,('ctennisoncq','DIZJQSE3ZP54')
,('kpashenkovcr','P9XH7XUGP681')
;
INSERT INTO public."User" ("UserName","PasswordHash") VALUES 
('inequestcs','W6LODDTXPK12')
,('lshovlarct','SAN23C0OQM22')
,('mdastcu','OWR71QHQKC42')
,('rparisscv','EU9WVJ7MQE58')
,('jlahrscw','ST4T2TZGXL74')
,('rmullanycx','Q5GQNUVOG757')
,('gfaulocy','STIDTHIF6842')
,('fpreenecz','RHRH2K1FQP88')
,('esmowtond0','XHWOBTFLFU92')
,('troycraftd1','MEQZMP00HV40')
;
INSERT INTO public."User" ("UserName","PasswordHash") VALUES 
('orosenscheind2','PAVVFWG24V37')
,('aharbackd3','FUCE9QXVG647')
,('tshipperbottomd4','R01HC2591R01')
,('jboothebied5','G4ZSNVBYZV34')
,('tlademannd6','XZNBURV0A843')
,('jsemoradd7','HD1R1MEPGI72')
,('bgiraldod8','MN4SZRFRZK14')
,('cgummied9','M5FW2JTXVD02')
,('jbradderda','ELF555GNO720')
,('gbackhousedb','SP2CH49H6828')
;
INSERT INTO public."User" ("UserName","PasswordHash") VALUES 
('nwoolstondc','KKMYD0ZVTF80')
,('tstivedd','ARSAXORMLX36')
,('bwabersichde','M016O3RM6R50')
,('moloughnandf','ZSN7CD2XQ941')
,('battenbroughdg','DTJN3KPAAZ55')
,('mbramontdh','EOT41142JS59')
,('mdoldendi','DOUO4IQ8XZ50')
,('feagandj','TOMB2H21VY47')
,('sfarresdk','V7NW99KR6L29')
,('iohonedl','KLYTPSXDOD19')
;
INSERT INTO public."User" ("UserName","PasswordHash") VALUES 
('ddenisyevdm','CJV7FG0LH340')
,('lperrelledn','YGTHJZB5D906')
,('ccheesedo','VAN1D2G0ZM63')
,('mcurtaynedp','BQ8NIXLPN560')
,('aperrinchiefdq','U9D66BSTXN27')
,('ecourtdr','PDPA9EG7CX20')
,('kfardends','W9ETV0EDKT75')
,('bmacmurraydt','ZMP6XE5RO520')
,('smawdittdu','LCCDUXOO6T45')
,('kballochdv','ZSROVJYCP347')
;
INSERT INTO public."User" ("UserName","PasswordHash") VALUES 
('fglededw','NC6FP9U89Z43')
,('stopesdx','TH71DRHFOZ65')
,('kgrangerdy','KHMAELGXTQ19')
,('cvatinidz','ZLRK1SCJ9P46')
,('hkettoee0','LHKBLC9NPQ35')
,('cpavolinie1','VGJC6BIA9525')
,('vriddiche2','GRBDZ921RU14')
,('twratee3','W40NOWKKVS01')
,('bmeneghie4','WYLF584ST286')
,('smckennane5','ZKQ54RVZOO96')
;
INSERT INTO public."User" ("UserName","PasswordHash") VALUES 
('herangye6','XTQLCOY56768')
,('cscanlane7','X4B6CSMHGZ30')
,('astollee8','EM320U2DL129')
,('gdelaprellee9','T2ZDJX6OEF30')
,('kchiccoea','TFA5HFBAD769')
,('khammandeb','HCQDE5U8YU99')
,('fcraigheidec','VCS0FGUHUC66')
,('sdobrowlskied','ZMIFPTG87387')
,('kbarlasee','LM4E6E7TIZ53')
,('uraftef','P9ZVXK3JQ571')
;
INSERT INTO public."User" ("UserName","PasswordHash") VALUES 
('mhattoeg','SL0VD3V5FA37')
,('iwyseeh','W5L4ZPZJSY52')
,('kmonteauxei','CL40W6E7TU29')
,('jgladhillej','B2NDDHSAPK24')
,('nberanek','VGNR2GCG0Y75')
,('gakenheadel','ADEB3HQ9SO21')
,('lbirdfieldem','WLJGJSB67O30')
,('sgaliforden','L58CN2PKON88')
,('ibalharryeo','AJ7Z8ZCFNN90')
,('reaseyep','SE2XUPK1Y477')
;
INSERT INTO public."User" ("UserName","PasswordHash") VALUES 
('mbrookeseq','FC9FRP8LXT25')
,('pklasinger','P11FOAGKNP86')
,('bbatrames','NCB5IYNCRW30')
,('ndevaset','P1YJ7WKW3205')
,('mmacmastereu','TFCEPQ53YH52')
,('atregianev','QDV0K9QCM653')
,('mreedyhoughew','KU99Z0TM6C70')
,('bhinschex','KS498X2RWX26')
,('vseedmaney','RP8CRQTH8C85')
,('hnewlingez','NGPOXLOATW20')
;
INSERT INTO public."User" ("UserName","PasswordHash") VALUES 
('tpastorf0','JHX15BU0PM23')
,('garondelf1','WCW30O38MO28')
,('bcausbeyf2','CVQAGVEKKB46')
,('fdillewayf3','BVP03J4QV717')
,('cceresaf4','X6E4NRZO8031')
,('mjanotaf5','JUSLC1T8CJ58')
,('wygouf6','B42A9FXKK863')
,('bbeamishf7','B1GCUY926740')
,('nbeddallf8','SKV7WERP4O55')
,('roolahanf9','IEDGKQJ2KQ35')
;
INSERT INTO public."User" ("UserName","PasswordHash") VALUES 
('callsuppfa','GJWB6MMHBK37')
,('afibbensfb','W8UO6CJ6ED03')
,('asandersfc','NUEX1S81QR01')
,('lpulverfd','RO3T7UOP5D75')
,('rlanneyfe','KUPTQO5J0993')
,('vmaudlinff','B0C2T2SSRM83')
,('vkalaherfg','X7RI0B743V51')
,('smarcroftfh','JTF3OT7CIM69')
,('lmadnerfi','XF3II8VZFV09')
,('hcattlowfj','VMPOFME7OG68')
;
INSERT INTO public."User" ("UserName","PasswordHash") VALUES 
('bfahrenbachfk','A9FGJE2LRE37')
,('pgodbeherefl','P42EKMOGJE37')
,('agethousefm','XSZM6KS09160')
,('bstonhardfn','JPHYFJDNQB94')
,('gtoderifo','UT5ERSPWVS99')
,('mivanyutinfp','WOE6ERFQVL67')
,('agebbfq','SOK82G58O386')
,('jitzcakfr','UEK0Y9PGM275')
,('olongbonefs','TPYF4OEBWN20')
,('dwassonft','RTUPMTC1RD70')
;
INSERT INTO public."User" ("UserName","PasswordHash") VALUES 
('sollivierrefu','TWTQG5GBLZ93')
,('gpocockefv','DRHB3KVBVZ53')
,('lrosbergfw','C9QPZR31HD63')
,('rbridgenfx','ZLCOMV97JH53')
,('gcockerfy','UOUU8FU81W19')
,('gcowpertwaitfz','RSCWZTV91849')
,('dcuthillg0','OMIQ990IAP58')
,('cprobing1','VDKWWXUY1L37')
,('bbarokg2','JO8X9ZZ7E767')
,('fmacgrathg3','JGUNHE9LXR91')
;
INSERT INTO public."User" ("UserName","PasswordHash") VALUES 
('jheinricig4','CEAVS5YADZ46')
,('gbeedg5','TUPSCO1H1N71')
,('rhutching6','JGHDWQW7K426')
,('mmccaddeng7','ZXOLFM0WDK19')
,('cdallistong8','MNTJTLN7IL89')
,('zdodgsong9','ZCERRIYS4C48')
,('eshallowga','FNKPLFG2EJ37')
,('moxtobygb','F4G684GY6V79')
,('rmcvittiegc','E831SBQT0K04')
,('ddorewardgd','UFW22GL1US13')
;
INSERT INTO public."User" ("UserName","PasswordHash") VALUES 
('dsmallcombege','MRNQT2SK3272')
,('ncolquitegf','ICDH0RMPWL61')
,('epantinggg','QIHE1Z7YY624')
,('bgehrickegh','WQWW1VPOCA58')
,('rtournaygi','A2MCEE1XG919')
,('wlillywhitegj','CC7XUS8DUI10')
,('gbudcockgk','JKKUSKPRHT30')
,('wsambellgl','C8UAHQCBUQ03')
,('myushmanovgm','STEW4VG1PL95')
,('hpirdygn','TCR24PS9G683')
;
INSERT INTO public."User" ("UserName","PasswordHash") VALUES 
('rreuthergo','CNIUEWDBAA58')
,('mhunnicuttgp','IEYQ0J8HM898')
,('aextongq','TW6L1SBHCN47')
,('ahonnicottgr','U3IY3CQV8Z18')
,('nfrancellogs','GA0H0OKL9737')
,('kpossegt','IP9WJPCPEP05')
,('jbigadikegu','AW85O8852395')
,('wosemangv','O9L8BG60V574')
,('sdadswellgw','RH5AE97W5O63')
,('cemsleygx','YNNJOPW82828')
;
INSERT INTO public."User" ("UserName","PasswordHash") VALUES 
('fmaulkingy','GFMYCR3F7641')
,('mbutegz','IIV142ULFO59')
,('keppleh0','ES4WWVAXG155')
,('lyurikovh1','CTYY6TYCY370')
,('mschinettih2','NCQZZACYV561')
,('freochh3','WKTO27KIVZ92')
,('bhammerbergerh4','XC1XEVAU6M59')
,('kybarrah5','ILEHF8CL1Z74')
,('ddownhamh6','NIUSNG1F4Q29')
,('lmabeh7','NSJXWDDXMZ58')
;
INSERT INTO public."User" ("UserName","PasswordHash") VALUES 
('iuccelih8','LC7S3LBLMW90')
,('prheamh9','NCMOIVGTBZ29')
,('ihuguesha','TF670P1OTH37')
,('cshuardhb','R5NRJ922Z097')
,('mjacqueshc','EATK8C26IN16')
,('bworboyhd','ETKHTVHYR965')
,('hdammarellhe','CTRIF1TGBE34')
,('gparradinehf','E4C9X0Q1S154')
,('nassurhg','XACQTMOKX268')
,('nmazinhh','CBKR5GPYTU52')
;
INSERT INTO public."User" ("UserName","PasswordHash") VALUES 
('bjollyhi','MICYF31G3I44')
,('tmarchbankhj','NXBNSLMUZJ23')
,('episerhk','XW2ZBNUDUR61')
,('cgottshl','ASR0AGE5MP38')
,('blongstaffhm','A7TH40SM6V88')
,('olardgehn','ZYX1NIXITK32')
,('aobingtonho','HUM5NS754H46')
,('rruddomhp','PP93KWEBPO03')
,('sffrenchbeytaghhq','DNEH19FW5R55')
,('cfellowshr','DSE0Q4OGO347')
;
INSERT INTO public."User" ("UserName","PasswordHash") VALUES 
('kgoodyerhs','YZRJ5K98OP05')
,('apeltzerht','F8XOE62O8X90')
,('ileberhu','L79W5RJN0U46')
,('stattershallhv','RC9AEG8RP493')
,('cdronsfieldhw','BG5YQ2UPI001')
,('pjefferieshx','VX2ZARHDV790')
,('sjacombhy','KISXJW5UCJ48')
,('ddowtyhz','HQ85V4C63C17')
,('dbarnwillei0','V7PA0K2PKO15')
,('mstrongi1','XQUK3PT9UC30')
;
INSERT INTO public."User" ("UserName","PasswordHash") VALUES 
('nhalksworthi2','VF8GJEFQXF01')
,('jdunnei3','OIHXZ4BFBC26')
,('bwageneni4','QXZVTNC7V547')
,('zdurbridgei5','CZUXOO6VLI07')
,('pwestcari6','A137J6EHIC74')
,('bbenieshi7','XSPJRLPIK204')
,('hmelodyi8','Q9L0JISYV331')
,('tgayforthi9','Y8NE2W8DU594')
,('dwhittickia','CV256BY5PU75')
,('cbroadbentib','MPYCIF700M25')
;
INSERT INTO public."User" ("UserName","PasswordHash") VALUES 
('bborgnolic','B00FYGW89S22')
,('mdavidovitchid','CJR4S5XKCW91')
,('nchuterie','D2UA3XDBW285')
,('ijohnstoneif','SAIVVNZY6E29')
,('vviggersig','USR9MK6BE015')
,('astclairih','KSWVZXXWVB09')
,('dcaruthii','PG02JGKYRE60')
,('dhubballij','KVDEFZH4QZ05')
,('tsantelloik','NAB0RZLWGP74')
,('tyedyil','E9U167UJ3H23')
;
INSERT INTO public."User" ("UserName","PasswordHash") VALUES 
('bpaggittim','DVQMIQ058765')
,('aemsliein','L8DTSIOGVJ65')
,('hoxbeio','JOPZLWSKLI16')
,('mblasdaleip','FB4FF4LO3Q85')
,('sstuddiq','ZUPS23JOGA58')
,('mhaenselir','TFLUW4226212')
,('mmausis','WZG5DI883B39')
,('ereboulit','IGGO742SUF83')
,('mcharletiu','JJCSFIBG5746')
,('alaffliniv','CSHFQOPR4N89')
;
INSERT INTO public."User" ("UserName","PasswordHash") VALUES 
('ssumpteriw','G28MGSQZ8221')
,('hdungateix','Z0QQTGCGKZ44')
,('sconnellyiy','GR4UGAF8SJ99')
,('fbrearleyiz','JHTAQHYFFE79')
,('mduligallj0','LYYQBVSGBY11')
,('askillittj1','I0AZI293Z795')
,('rericssenj2','P90PB91KDJ67')
,('wrosencwaigj3','KTAEIIFQPR55')
,('rarneckej4','QEPP58RNSN09')
,('cedgesonj5','YTU3QH144V85')
;
INSERT INTO public."User" ("UserName","PasswordHash") VALUES 
('kwaberj6','RQIDL23YJX75')
,('cshilladayj7','TRWV85H6UV87')
,('amewtonj8','YFOQ0881H469')
,('efidelusj9','E20DWJ80OJ90')
,('ebooleja','GMXF42O8BP04')
,('dkoppkejb','JHUON1HLSO69')
,('gmulhalljc','I3VOS5Z8DZ96')
,('ngronauerjd','CQZ8VPNBXK40')
,('cmartyje','UDKZFN3RO201')
,('iwarrattjf','X8L9J9695L39')
;
INSERT INTO public."User" ("UserName","PasswordHash") VALUES 
('gnewlovejg','VEO594S7NT82')
,('dsussansjh','YQMUZ73GR988')
,('vtunbridgeji','SIGH4L6VCI72')
,('mknowlingjj','Z60FU1BCAW05')
,('ygiacomijk','IUEX1PC5WW36')
,('akleinplacjl','VZCO326NJK01')
,('acressarjm','JQVGNZHCPO71')
,('hbellonjn','B79OZ7S7SK01')
,('oheinritzjo','P6RTB12DEO69')
,('dmitchensonjp','XWSRGGRHR274')
;
INSERT INTO public."User" ("UserName","PasswordHash") VALUES 
('cstollenjq','A8RNDHR96V68')
,('cchanderjr','U3SELPECDE92')
,('cstychjs','FEAIXJXIRQ53')
,('eludfordjt','WVFSGSJ9BZ50')
,('lvearsju','VMTAFIMJL348')
,('piacoviellojv','QAYJHYQ3QE74')
,('lfarlhamjw','I2YP4SXRN373')
,('nbayliejx','OHZNF8CCHJ59')
,('skerrjy','SBRGQSNGS361')
,('wgrishaevjz','W2BCSY1SU172')
;
INSERT INTO public."User" ("UserName","PasswordHash") VALUES 
('bweaversk0','S7OECFDO1C74')
,('jklagemank1','YD46IIX5BE28')
,('rwellank2','R147U57Z1S32')
,('dollerheadk3','BGRGDM0WLU45')
,('lcoalk4','BGKUUDHIVG37')
,('mfernyhoughk5','AYPOM40OK005')
,('nskeldingk6','ODPORGUTRZ79')
,('martharsk7','LOD5S8JOK266')
,('abottrellk8','PUKP3TQQN291')
,('hbarthelmek9','RIX6SU8JX795')
;
INSERT INTO public."User" ("UserName","PasswordHash") VALUES 
('oschirakka','ZQY8FM6LAQ35')
,('dheliankb','OLQX1HA8AY50')
,('icodmankc','RALVJC9ZBR40')
,('tpicardkd','LOO6AEGLUS02')
,('jdanovichke','RNWY1MYFTJ12')
,('mfredsonkf','JIMW9XTF1548')
,('negertonkg','ICHRUB2VDH99')
,('cdefrainekh','PXA9WV0NYA99')
,('dkalbererki','E03QXCJGF057')
,('atirrellkj','QZLRU3G3CS81')
;
INSERT INTO public."User" ("UserName","PasswordHash") VALUES 
('bjoriozkk','AIRHYBS9KT79')
,('lplackstonekl','Z2JAE6ANJC90')
,('dnoellkm','YL2CTAJM5Q14')
,('tgodrichkn','YN1U30A8Y055')
,('gpetrovykhko','NAGF3MTH8Q83')
,('sonoulanekp','YBKFRBCTRO71')
,('bashbykq','IGKSQAGA4849')
,('rmerickr','LEWBGO9N3068')
,('nkeoughks','L8HJF3RAT161')
,('mseabertkt','OUZYVS7I1Y68')
;
INSERT INTO public."User" ("UserName","PasswordHash") VALUES 
('dcharretteku','L9HY9UVV5899')
,('lboamekv','MC21ZISBE131')
,('hhegelkw','UVX1WA4J4A63')
,('ltorranskx','SYKTIFWVCI08')
,('krenzulloky','JX2IZRUFBN27')
,('gthireaukz','YMNPGZVQMO79')
,('agoomesl0','ZVTM5RSI2Q33')
,('lbrechel1','TQTMDFU06D03')
,('tmycroftl2','PSOX9FAETL10')
,('liacovinil3','JLQ9635ZNL07')
;
INSERT INTO public."User" ("UserName","PasswordHash") VALUES 
('mscynerl4','M6BO8SJ22X76')
,('lgivensl5','CT4FVI0JDL67')
,('tscroxtonl6','C4LYH5NPLJ97')
,('destevezl7','KL893I3W9W84')
,('hspurginl8','ZO925CYLFQ43')
,('jblackadderl9','TLRX3A26VT82')
,('hberreyla','HIOQP5Q3RG95')
,('ncossumlb','RAP5X01IDA01')
,('bbloxamlc','JDPIK8BV6S95')
,('phawkridgeld','AIEXS1E49091')
;
INSERT INTO public."User" ("UserName","PasswordHash") VALUES 
('chardsonle','JALP8ANLE694')
,('ekeachlf','ZRWTKYPSEC31')
,('hvonbrooklg','PXK0RNF0BM48')
,('cgherardescilh','EBJ869J8LW68')
,('dgrossierli','NTODSOT3GT20')
,('jholbornlj','PNTPVTGIF235')
,('ocowoppelk','RN4T3GZB4L75')
,('timlochll','VHAT08KLKA32')
,('rvosslm','BSRETXI5ZP67')
,('mspinettiln','O5MR1823NX30')
;
INSERT INTO public."User" ("UserName","PasswordHash") VALUES 
('bwhitsunlo','MVAPQ64NWW05')
,('gmerrywetherlp','YVKH68Q7WS99')
,('lcatlowlq','L7L080U57P77')
,('bperkinsonlr','FO8TBR5DZQ68')
,('ctuffinls','ZBVMROO4HA73')
,('hdewirelt','YHFB9WI7UO90')
,('ekumaarlu','X4DGBW3V7U64')
,('amcandrewlv','VWAE36U3OX03')
,('jmcgaheylw','NZV9XAXH5P64')
,('mdonaldlx','RA70G30XDX96')
;
INSERT INTO public."User" ("UserName","PasswordHash") VALUES 
('wwilsonly','UPJFIPBLQT67')
,('cbillisonlz','IXHSPQYWNP59')
,('jdewburym0','OQWD2L2RXW41')
,('gbrudenellm1','RQIPKA3C7Y81')
,('rdescroixm2','HO0A09SHUQ85')
,('gferberm3','JCPR5IFT1F44')
,('dmorbym4','QHY3ATADE882')
,('flippardm5','XBG4BAEBK882')
,('bbuddlem6','IW0WDDXQAG58')
,('bcrudenm7','DV1G2RXF3C44')
;
INSERT INTO public."User" ("UserName","PasswordHash") VALUES 
('ssmeadm8','JFMM723Q1R21')
,('nfountainm9','IH8PFJB9I711')
,('cmcghiema','L3TFZNGSQO15')
,('kconamb','LTS14DT3EH36')
,('cscarthmc','Q9R8OCGQU942')
,('rtutingmd','W3HOHZQ56J95')
,('jrosencwaigme','RWYW9BU1E148')
,('bandrasmf','M9YX4UEP8229')
,('gtourvillemg','RA90Z2L9C606')
,('nbrentmh','G012C10Q0048')
;
INSERT INTO public."User" ("UserName","PasswordHash") VALUES 
('wmaccreemi','LKP7PGB86X43')
,('omaccartairmj','JOIJ168X9I86')
,('mounsworthmk','BIEQJAS8DG76')
,('gpinkeml','A6Y52EVK9S43')
,('msyalvestermm','R1OZR27QZW17')
,('aturfsmn','LG9FV0IZVH99')
,('mnaiseymo','T1LXM7IHAS50')
,('adidballmp','B6RD7UBSFZ64')
,('mbingemq','YCDF7OH38E86')
,('lsketchermr','YFL4JY0TD040')
;
INSERT INTO public."User" ("UserName","PasswordHash") VALUES 
('afruishms','BDQ18MNL6G18')
,('dgartsidemt','VJ97MH9MKI53')
,('hplessingmu','GKHLURPKBU75')
,('rsiddeleymv','D0X01Z0FMU23')
,('gdominicaccimw','NJXYKGPEKQ36')
,('esheeringmx','PQ4JKHPWM201')
,('sflintoftmy','S2Z7DQB2HD02')
,('rpattendenmz','II5Z2M06G175')
,('tlukinsn0','A5RAD3TA7G65')
,('rsteddalln1','MVCOO9REDG34')
;
INSERT INTO public."User" ("UserName","PasswordHash") VALUES 
('okubesn2','A4LUW0I9MW24')
,('fwharriern3','XRDA8NKM7B43')
,('bwortsn4','MSC6RWKVL154')
,('mdeeblen5','VSWPQZ3HO547')
,('oparduen6','CO9PVJY8FI46')
,('kolivan7','W2T6G1L17V69')
,('hholbarrown8','SRB4J219WO37')
,('rcrossbyn9','UOTKAPKEJZ52')
,('msammarsna','M2XHGDIB1Y48')
,('ktabernernb','YU2IIT9NZV29')
;
INSERT INTO public."User" ("UserName","PasswordHash") VALUES 
('jloblienc','UCEP9TP62M28')
,('cdavittind','CG1DA5J32964')
,('adeniskene','SEC8CJPHTP34')
,('ggilbanenf','WGY0JT24RZ94')
,('akibblewhiteng','SW7MOGUYBT88')
,('switchernh','SN4ZBBCUSV85')
,('ssimonsni','PW8AGO9D4R77')
,('btotaronj','M7V93D83KH49')
,('barmalnk','HVUG8OE92P00')
,('hserjentnl','WQ1JNULL1U18')
;
INSERT INTO public."User" ("UserName","PasswordHash") VALUES 
('rsillwoodnm','LNF8E1T3TF11')
,('araddenburynn','YX4EZ56RC460')
,('aariasno','U8Z2XBO57U55')
,('sbeartupnp','CBMO4KW1NS34')
,('tporteousnq','NCPYJ4ZN0L76')
,('hwickersonnr','E0D478PZ7N71')
,('cbracchins','UI2DWWF7NR19')
,('ieadent','WGX29YQ2L029')
,('adalglishnu','FPC4LVLAQN38')
,('nhamlennv','CFFXU9D78B39')
;
INSERT INTO public."User" ("UserName","PasswordHash") VALUES 
('sbewnw','NVLR1265EZ04')
,('kmewhirternx','UMPPB24R3X70')
,('jroneyny','HA24T80ZW544')
,('handreopolosnz','LC8ILQCG1990')
,('nmerrieno0','MW6QYOELG178')
,('agurgeo1','WB3FTD3ZDF27')
,('fpaigeo2','EVV46QEH0Z69')
,('ablesingo3','DA3C7EWCNN51')
,('dbrenstono4','J2EKF6AJBL00')
,('cledwitho5','WQM9P0Y2Q224')
;
INSERT INTO public."User" ("UserName","PasswordHash") VALUES 
('rmicklewrighto6','B1HOOERU4286')
,('ltinmano7','LDIR4NL2I534')
,('jfollino8','Z5UK2RZ7QV06')
,('bjeano9','GM2QQJXNQ336')
,('akeoghanoa','XB4OCOYEDK79')
,('cseigniorob','AOQJMPMMVC53')
,('echessonoc','BX0OLVW4WR50')
,('avynehallod','TA9FQ4J24I75')
,('wfransesoe','H289DDRN6A20')
,('askallyof','VU2XN69WYL93')
;
INSERT INTO public."User" ("UserName","PasswordHash") VALUES 
('tstephensonog','DTM42Z5BNS30')
,('wtroyoh','BZ69IEI36F02')
,('bbraddoi','CZIW1C9MAT42')
,('jarnkeoj','EWPI6PFGRP33')
,('egrisdaleok','THHQJSGSR071')
,('sknobleol','YQIX6X4XKO93')
,('bsimaoom','E6XPIJAKMC28')
,('mbultitudeon','I705TCMLKP67')
,('bkersawoo','FQBTVCMV5E34')
,('ocomelloop','BWPC2A86HX22')
;
INSERT INTO public."User" ("UserName","PasswordHash") VALUES 
('rcaveilloq','TPH2KTYGPP99')
,('dyersonor','XXKCL9JY8152')
,('ibuggyos','ZVDSHBTZD817')
,('aswallwellot','YOXZOJH4ZG34')
,('mmullaneou','NHHD536HLV37')
,('nselcraigov','Q5NEMEH4ZW65')
,('hcowopeow','YCZXMCR4JN47')
,('clevayox','MQ8KA0NYHA11')
,('emaddocksoy','ID24OW46NZ09')
,('cfairburnoz','ZBWR7RYGAK58')
;
INSERT INTO public."User" ("UserName","PasswordHash") VALUES 
('dgwinnelp0','QQ1GCO1I3075')
,('mfydop1','PGHK6I5JJO78')
,('hgimbrettp2','DQPJ3HIV8O17')
,('smehaffeyp3','L6DN698M9406')
,('adarracottp4','CPLVYCBP0780')
,('tmeeganp5','EX6HDH94RB77')
,('chaslingp6','OYYTBC8B0D00')
,('ashakeladep7','JVR2MM0V2X32')
,('jclaringboldp8','TWEOJ7ZO9H30')
,('bsnodingp9','I4KOTEJ1ZU01')
;
INSERT INTO public."User" ("UserName","PasswordHash") VALUES 
('llundonpa','JWJSHQNYN886')
,('cdickiepb','NWJ9HRYEYO90')
,('sjustunpc','PACRBYPACP57')
,('akernespd','PGFECZ56U652')
,('cbrestonpe','VJ0GBKLGUQ23')
,('mmacpharlainpf','SBUR825D2B18')
,('dcadwellpg','J5PWMMFXKB04')
,('csowersbyph','IB9GRRTTGT55')
,('htashpi','JCK4J2RB1C17')
,('mpenwardenpj','G5U5OQG7P914')
;
INSERT INTO public."User" ("UserName","PasswordHash") VALUES 
('hwatkisspk','HHNOUBKC1S63')
,('tdawbypl','HV98AHZEXL27')
,('pmibournepm','B421F45AA257')
,('fcastelluzzipn','K8CEBIQC5U58')
,('rdailypo','XA6K63PLUK42')
,('datherleypp','JMNGDGDMBH71')
,('dsothampq','QGO0WW3C4E98')
,('kgenckepr','HN9JUQAF2Y93')
,('blindeps','Z875MH4E5722')
,('tarndtsenpt','PDUC3G93DE73')
;
INSERT INTO public."User" ("UserName","PasswordHash") VALUES 
('pconboypu','PIHYMGQ9ZV57')
,('emeaghpv','JQHBD6HDSG08')
,('sraschpw','U95A6QQY2N89')
,('jcarniepx','M6S8KQXUAM35')
,('gwysomepy','VS3OVIUTJD62')
,('dbelamypz','SARGSGZJ3G46')
,('lkellittq0','L7AEKNIBDI83')
,('lcostyq1','E20GPLT2X808')
,('mokieltq2','YEIOUZK71R97')
,('cstorieq3','IL1N9QOZ3G57')
;
INSERT INTO public."User" ("UserName","PasswordHash") VALUES 
('cburleighq4','J0RPOLHIES31')
,('vjankovskyq5','RL2F8QDCWQ27')
,('asowleq6','W4Q17425QZ19')
,('kvautierq7','WVT9I4WHF961')
,('cleportq8','OE0POQVB5D17')
,('ibonettq9','S719OTFUP159')
,('ppilkintonqa','KD1VVJMFBI09')
,('jmcfeeqb','L4HWPB4S8S89')
,('vhutonqc','TA8TVCWJQV95')
,('tbascombqd','V4VZY6GD7J36')
;
INSERT INTO public."User" ("UserName","PasswordHash") VALUES 
('jwerrilowqe','R7VU3U37ID29')
,('rwyettqf','DKIVRHA1OJ30')
,('pescaleraqg','IXHS5S4KX968')
,('dmatieuqh','U7M87W77PX31')
,('owarbeysqi','DKI93T3W6J82')
,('ldowdneyqj','HVR4J4CKWF49')
,('pwrinchqk','IKMX63ZVEL84')
,('grelphql','K51QIX3PT990')
,('lmatterdaceqm','BYD62O42XX17')
,('adowsqn','NEU1OTOZIR01')
;
INSERT INTO public."User" ("UserName","PasswordHash") VALUES 
('rlambersenqo','BGT31BZ55Y39')
,('ccounterqp','JAT2N3ON4N12')
,('epabelikqq','D0E0T0YFN953')
,('chenfreqr','KZLNSVP2G080')
,('eexelbyqs','X3SAMLNBOQ30')
,('emckeneyqt','ZILPR5XCLA71')
,('lhastewellqu','IFKPHHSSQN77')
,('afranktonqv','RVPB7ZB0RU13')
,('acharringtonqw','E6C7D9L42Z01')
,('dpesterfieldqx','ELY7B6RABW19')
;
INSERT INTO public."User" ("UserName","PasswordHash") VALUES 
('hfostonqy','NOPQLS09BB06')
,('dwhitcombqz','K1QR53T50893')
,('abudnkr0','BD3VNHHRFH71')
,('mtomkinsonr1','KZ8S1MZ85W66')
,('clansdaler2','KMYT17J56E29')
,('ujackesr3','LK7UKK1GV059')
,('agheorgher4','ZOZHHAQLIX73')
,('moxleer5','DGDLICVDE184')
,('dpacher6','N3WZD5BLTR74')
,('nferreiror7','GYQWWOTKL785')
;
INSERT INTO public."User" ("UserName","PasswordHash") VALUES 
('gmalkinr8','RRQ7L4EFNS92')
,('livyr9','Z59X041SC599')
,('rtibbitsra','PD5FSLJNSR28')
,('skeirrb','H1Q2LXGDQP51')
,('rgonetrc','XQ8VPFJ3K989')
,('aroysonrd','F98UALRFFM85')
,('cdealre','SLVN4BHS5I99')
,('bloaderf','RB1C2G374S81')
,('emeddemmenrg','R5MQKBGOGD09')
,('hbimsrh','PPLSGVYXAJ09')
;
INSERT INTO public."User" ("UserName","PasswordHash") VALUES 
('arobbenri','GGLFYE0Y6I22')
,('dmitchallrj','OPVLU3KNLC00')
,('bempsrk','N45RLHDFKT57')
,('jjewiserl','LAWDDFPBWV82')
,('tcammishrm','XKMMCDESDM04')
,('fbeltznerrn','RTUE9A36EU31')
,('hwilsteadro','GOGZW25Y2V18')
,('fdequinceyrp','YDIOYS7C4K23')
,('tsturgeonrq','W78DDH6XP389')
,('aclamprr','YJT5BAVZ5M00')
;



INSERT INTO public."Employee" ("UserName") VALUES 
('dminto0')
,('EdwardEmployee')
,('jblaine1')
,('jaubrun2')
,('jpear3')
,('csmelley4')
,('kjeskin5')
,('cseeler6')
,('ofarfolomeev7')
,('nogers8')
,('mgeorgiev9')
;
INSERT INTO public."Employee" ("UserName") VALUES 
('vovanesiana')
,('sdinckeb')
,('mkirklandc')
,('nraistond')
,('sthrosselle')
,('sringf')
,('cmiskeng')
,('whallfordh')
,('cblackborowi')
,('kmccarlyj')
;
INSERT INTO public."Employee" ("UserName") VALUES 
('mllelwelnk')
,('bmckeeverl')
,('abuttressm')
,('pleggittn')
,('gjakobssono')
,('mkirklandp')
,('vhuckq')
,('jsyddallr')
,('dmoncktons')
,('gmaccit')
;
INSERT INTO public."Employee" ("UserName") VALUES 
('sschermeu')
,('tshrubbv')
,('smagsonw')
,('mcattowx')
,('nseamonsy')
,('gholtumz')
,('dleithharvey10')
,('htilt11')
,('hgandey12')
,('bslyde13')
;
INSERT INTO public."Employee" ("UserName") VALUES 
('jbrosh14')
,('ltallant15')
,('bdufton16')
,('sbuzin17')
,('ttumasian18')
,('bbartolic19')
,('ehaggard1a')
,('jalfonsetto1b')
,('nilyukhov1c')
,('bcoxwell1d')
;
INSERT INTO public."Employee" ("UserName") VALUES 
('kbenne1e')
,('mcolthurst1f')
,('kkilrow1g')
,('nheistermann1h')
,('acamm1i')
,('maukland1j')
,('lkibbel1k')
,('nselvey1l')
,('jwinterscale1m')
,('rverlinden1n')
;
INSERT INTO public."Employee" ("UserName") VALUES 
('kphillip1o')
,('sbrogan1p')
,('thrycek1q')
,('adory1r')
,('msander1s')
,('tcow1t')
,('aharnwell1u')
,('bbleackley1v')
,('gaverall1w')
,('eseely1x')
;
INSERT INTO public."Employee" ("UserName") VALUES 
('lfieldgate1y')
,('rrochell1z')
,('ftopping20')
,('gsibbons21')
,('adracksford22')
,('bjaume23')
,('hfaulkner24')
,('gbenz25')
,('ygary26')
,('vmattacks27')
;
INSERT INTO public."Employee" ("UserName") VALUES 
('shardy28')
,('crusse29')
,('kcheston2a')
,('kpitkin2b')
,('gberresford2c')
,('rhalburton2d')
,('dgarza2e')
,('sduggen2f')
,('dabrahamsson2g')
,('bjimeno2h')
;
INSERT INTO public."Employee" ("UserName") VALUES 
('jbadman2i')
,('wwillingham2j')
,('cmackall2k')
,('mcaffin2l')
,('gwalding2m')
,('nsonghurst2n')
,('arichings2o')
,('hmaliffe2p')
,('zgasker2q')
,('acucinotta2r')
;
INSERT INTO public."Employee" ("UserName") VALUES 
('clorenzini2s')
,('mgrasser2t')
,('drummin2u')
,('jmaccraw2v')
,('bholby2w')
,('mcheater2x')
,('wcranch2y')
,('ltunsley2z')
,('khuller30')
,('jsmewing31')
;
INSERT INTO public."Employee" ("UserName") VALUES 
('clindenberg32')
,('nadamides33')
,('hcaulliere34')
,('baikenhead35')
,('tdowey36')
,('msindell37')
,('cvassel38')
,('lscotchmer39')
,('dmusprat3a')
,('cwitherup3b')
;
INSERT INTO public."Employee" ("UserName") VALUES 
('gpidgeley3c')
,('ahawkslee3d')
,('kwolfenden3e')
,('clamprey3f')
,('cscimonelli3g')
,('efrizell3h')
,('rcavozzi3i')
,('pstrettle3j')
,('ybulward3k')
,('fkeelin3l')
;
INSERT INTO public."Employee" ("UserName") VALUES 
('cfludgate3m')
,('bfearnall3n')
,('acushworth3o')
,('acissell3p')
,('lvalentino3q')
,('rhubble3r')
,('mbrinson3s')
,('cdemoge3t')
,('wgrivori3u')
,('dscotchmore3v')
;
INSERT INTO public."Employee" ("UserName") VALUES 
('nbreckenridge3w')
,('mmckague3x')
,('ghansman3y')
,('zdionisii3z')
,('ccaffery40')
,('psharville41')
,('vferryn42')
,('fdusting43')
,('adorcey44')
,('mlailey45')
;
INSERT INTO public."Employee" ("UserName") VALUES 
('dhanvey46')
,('kbande47')
,('sangless48')
,('danthonsen49')
,('jdadge4a')
,('istucksbury4b')
,('nkarpman4c')
,('steal4d')
,('rbeagles4e')
,('cblowen4f')
;
INSERT INTO public."Employee" ("UserName") VALUES 
('eskipton4g')
,('amiddas4h')
,('fheck4i')
,('coruane4j')
,('dpedder4k')
,('zsilber4l')
,('lcorr4m')
,('fswafford4n')
,('csaw4o')
,('glegging4p')
;
INSERT INTO public."Employee" ("UserName") VALUES 
('cfilipic4q')
,('cmalinowski4r')
,('gcole4s')
,('mmidlane4t')
,('gcaulfield4u')
,('deccleshall4v')
,('cdewsbury4w')
,('gmcartan4x')
,('jralph4y')
,('lhurn4z')
;
INSERT INTO public."Employee" ("UserName") VALUES 
('dsunderland50')
,('dshuttle51')
,('hsleigh52')
,('cboller53')
,('idrummer54')
,('rcasarino55')
,('bbony56')
,('krieger57')
,('mpolley58')
,('mgeelan59')
;
INSERT INTO public."Employee" ("UserName") VALUES 
('fbanger5a')
,('hnewlands5b')
,('rpaterson5c')
,('ffernao5d')
,('rhammel5e')
,('jgurley5f')
,('cgore5g')
,('jminty5h')
,('eblaker5i')
,('abodham5j')
;
INSERT INTO public."Employee" ("UserName") VALUES 
('myakebowitch5k')
,('icamplen5l')
,('azarfati5m')
,('fcurtain5n')
,('spresslee5o')
,('alittleover5p')
,('srhydderch5q')
,('snairns5r')
,('zvergine5s')
,('pgogarty5t')
;
INSERT INTO public."Employee" ("UserName") VALUES 
('ytilbury5u')
,('eburne5v')
,('sfennick5w')
,('sverdie5x')
,('bhaffenden5y')
,('jkingwell5z')
,('idecourt60')
,('ebenjafield61')
,('hdonald62')
,('rgong63')
;
INSERT INTO public."Employee" ("UserName") VALUES 
('mvaneeden64')
,('sjacobbe65')
,('rcrosfeld66')
,('cdargan67')
,('jfitkin68')
,('cgreenhalgh69')
,('sdomingues6a')
,('jsalthouse6b')
,('kber6c')
,('solley6d')
;
INSERT INTO public."Employee" ("UserName") VALUES 
('mcadlock6e')
,('pgallico6f')
,('wiban6g')
,('wmitskevich6h')
,('awinslet6i')
,('rdorie6j')
,('ohasell6k')
,('enowill6l')
,('dculpin6m')
,('mchurchman6n')
;
INSERT INTO public."Employee" ("UserName") VALUES 
('pprandy6o')
,('lmacoun6p')
,('olauxmann6q')
,('dchamberlaine6r')
,('kkerrigan6s')
,('abolwell6t')
,('acansdale6u')
,('mbasill6v')
,('qkatt6w')
,('ebrickner6x')
;
INSERT INTO public."Employee" ("UserName") VALUES 
('jkonig6y')
,('ccoulter6z')
,('ohunnawill70')
,('lpavlovic71')
,('cwrighton72')
,('mantonov73')
,('dstandon74')
,('chealing75')
,('relijah76')
,('mdougal77')
;
INSERT INTO public."Employee" ("UserName") VALUES 
('mwitcherley78')
,('wwanderschek79')
,('sching7a')
,('grogier7b')
,('lcheal7c')
,('cmcguffog7d')
,('ldawton7e')
,('bchicco7f')
,('jvedyaev7g')
,('aburniston7h')
;
INSERT INTO public."Employee" ("UserName") VALUES 
('tschleswigholstein7i')
,('okaas7j')
,('lhughs7k')
,('cshekle7l')
,('fbeany7m')
,('kdigance7n')
,('aismead7o')
,('rleppingwell7p')
,('awatsam7q')
,('gjinkins7r')
;
INSERT INTO public."Employee" ("UserName") VALUES 
('dstood7s')
,('cortsmann7t')
,('jmollene7u')
,('scrowche7v')
,('cyurocjhin7w')
,('lantyshev7x')
,('zfrugier7y')
,('ksissens7z')
,('ypykett80')
,('mmacenelly81')
;
INSERT INTO public."Employee" ("UserName") VALUES 
('apavy82')
,('cnarducci83')
,('jriccione84')
,('ibonelle85')
,('jguirard86')
,('tmccreery87')
,('dboullin88')
,('kochterlonie89')
,('hfoulcher8a')
,('cdelhay8b')
;
INSERT INTO public."Employee" ("UserName") VALUES 
('saim8c')
,('gmoxstead8d')
,('sbattye8e')
,('jedginton8f')
,('mhassur8g')
,('cfriett8h')
,('fcraig8i')
,('wwaterfield8j')
,('kblitzer8k')
,('egovini8l')
;
INSERT INTO public."Employee" ("UserName") VALUES 
('aragles8m')
,('mockendon8n')
,('rcasetta8o')
,('reasseby8p')
,('dfeehery8q')
,('hgloves8r')
,('rstride8s')
,('jarmell8t')
,('sdurbann8u')
,('dredfern8v')
;
INSERT INTO public."Employee" ("UserName") VALUES 
('dkerrigan8w')
,('skinvig8x')
,('ogeraldini8y')
,('lbrimilcome8z')
,('mnoury90')
,('scherrett91')
,('skrollmann92')
,('lcaps93')
,('mnancarrow94')
,('psteljes95')
;
INSERT INTO public."Employee" ("UserName") VALUES 
('sberriman96')
,('mmaric97')
,('rklausewitz98')
,('amozzetti99')
,('soneary9a')
,('rspires9b')
,('usegebrecht9c')
,('hfalshaw9d')
,('acoppins9e')
,('tlister9f')
;
INSERT INTO public."Employee" ("UserName") VALUES 
('kgossart9g')
,('dcurrom9h')
,('mbilles9i')
,('lnudds9j')
,('mgiacobbinijacob9k')
,('kgyurko9l')
,('tmcclay9m')
,('mcampkin9n')
,('gkobieriecki9o')
,('bgawith9p')
;
INSERT INTO public."Employee" ("UserName") VALUES 
('mdoeg9q')
,('ymenear9r')
,('shawkridge9s')
,('tgooderson9t')
,('jwebburn9u')
,('nsphinxe9v')
,('jbodle9w')
,('logrowgane9x')
,('obonhan9y')
,('khum9z')
;
INSERT INTO public."Employee" ("UserName") VALUES 
('kastleta0')
,('lwylemana1')
,('mminettea2')
,('gcornila3')
,('crusticha4')
,('tbellera5')
,('nlaxsona6')
,('pmannagha7')
,('mmalina8')
,('espurriera9')
;
INSERT INTO public."Employee" ("UserName") VALUES 
('kflowerdewaa')
,('bpippinab')
,('bbaskervilleac')
,('csullyad')
,('rbrittlebankae')
,('mkiddaf')
,('gshaftoag')
,('dmcelhargyah')
,('kdunsireai')
,('fnewnsaj')
;
INSERT INTO public."Employee" ("UserName") VALUES 
('nspentonak')
,('omuskettal')
,('josorioam')
,('gdirkinan')
,('jgerrishao')
,('cdeluceap')
,('nantonettiaq')
,('kwycliffar')
,('cwauchopeas')
,('adolmanat')
;
INSERT INTO public."Employee" ("UserName") VALUES 
('tcundeau')
,('awebsdaleav')
,('sgritsunovaw')
,('dlongmoreax')
,('kskellingtonay')
,('skornasaz')
,('skewishb0')
,('ptoffaninib1')
,('rpagninb2')
,('upiolib3')
;
INSERT INTO public."Employee" ("UserName") VALUES 
('chummerstonb4')
,('tjodlkowskib5')
,('sgoldbyb6')
,('npendleberryb7')
,('gcodlinb8')
,('dbedberryb9')
,('mstanneringba')
,('mgrutbb')
,('njollandbc')
,('tgreenbd')
;
INSERT INTO public."Employee" ("UserName") VALUES 
('mskermerbe')
,('hdewburybf')
,('kishchenkobg')
,('phryncewiczbh')
,('kguidibi')
,('blooselybj')
,('hwhatmoughbk')
,('lalvarezbl')
,('ohiggonetbm')
,('hhutcheonbn')
;
INSERT INTO public."Employee" ("UserName") VALUES 
('mbeebebo')
,('ainglesentbp')
,('mportressbq')
,('edanovichbr')
,('mvenardbs')
,('kbendleybt')
,('lzettlerbu')
,('lwalewiczbv')
,('amcartanbw')
,('lpearseybx')
;
INSERT INTO public."Employee" ("UserName") VALUES 
('mdanickby')
,('afellowesbz')
,('tlouthc0')
,('jspadonic1')
,('lbailliec2')
,('vbackec3')
,('sseckerc4')
,('gverrechiac5')
,('bbreawoodc6')
,('ssootsc7')
;
INSERT INTO public."Employee" ("UserName") VALUES 
('kmcalarneyc8')
,('mglenniec9')
,('lcescoca')
,('baustincb')
,('utemlettcc')
,('cselburncd')
,('scouchce')
,('mmcevillycf')
,('cramirezcg')
,('ewanderschekch')
;
INSERT INTO public."Employee" ("UserName") VALUES 
('grobelinci')
,('ncraythorncj')
,('jmollonck')
,('csanziocl')
,('lcollishawcm')
,('wbottjercn')
,('charberco')
,('rstanneringcp')
,('ctennisoncq')
,('kpashenkovcr')
;
INSERT INTO public."Employee" ("UserName") VALUES 
('inequestcs')
,('lshovlarct')
,('mdastcu')
,('rparisscv')
,('jlahrscw')
,('rmullanycx')
,('gfaulocy')
,('fpreenecz')
,('esmowtond0')
,('troycraftd1')
;
INSERT INTO public."Employee" ("UserName") VALUES 
('orosenscheind2')
,('aharbackd3')
,('tshipperbottomd4')
,('jboothebied5')
,('tlademannd6')
,('jsemoradd7')
,('bgiraldod8')
,('cgummied9')
,('jbradderda')
,('gbackhousedb')
;
INSERT INTO public."Employee" ("UserName") VALUES 
('nwoolstondc')
,('tstivedd')
,('bwabersichde')
,('moloughnandf')
,('battenbroughdg')
,('mbramontdh')
,('mdoldendi')
,('feagandj')
,('sfarresdk')
,('iohonedl')
;
INSERT INTO public."Employee" ("UserName") VALUES 
('ddenisyevdm')
,('lperrelledn')
,('ccheesedo')
,('mcurtaynedp')
,('aperrinchiefdq')
,('ecourtdr')
,('kfardends')
,('bmacmurraydt')
,('smawdittdu')
;


INSERT INTO public."Customer" ("UserName") VALUES 
('kballochdv')
,('fglededw')
,('CarlCustomer')
,('stopesdx')
,('kgrangerdy')
,('cvatinidz')
,('hkettoee0')
,('cpavolinie1')
,('vriddiche2')
,('twratee3')
,('bmeneghie4')
;
INSERT INTO public."Customer" ("UserName") VALUES 
('smckennane5')
,('herangye6')
,('cscanlane7')
,('astollee8')
,('gdelaprellee9')
,('kchiccoea')
,('khammandeb')
,('fcraigheidec')
,('sdobrowlskied')
,('kbarlasee')
;
INSERT INTO public."Customer" ("UserName") VALUES 
('uraftef')
,('mhattoeg')
,('iwyseeh')
,('kmonteauxei')
,('jgladhillej')
,('nberanek')
,('gakenheadel')
,('lbirdfieldem')
,('sgaliforden')
,('ibalharryeo')
;
INSERT INTO public."Customer" ("UserName") VALUES 
('reaseyep')
,('mbrookeseq')
,('pklasinger')
,('bbatrames')
,('ndevaset')
,('mmacmastereu')
,('atregianev')
,('mreedyhoughew')
,('bhinschex')
,('vseedmaney')
;
INSERT INTO public."Customer" ("UserName") VALUES 
('hnewlingez')
,('tpastorf0')
,('garondelf1')
,('bcausbeyf2')
,('fdillewayf3')
,('cceresaf4')
,('mjanotaf5')
,('wygouf6')
,('bbeamishf7')
,('nbeddallf8')
;
INSERT INTO public."Customer" ("UserName") VALUES 
('roolahanf9')
,('callsuppfa')
,('afibbensfb')
,('asandersfc')
,('lpulverfd')
,('rlanneyfe')
,('vmaudlinff')
,('vkalaherfg')
,('smarcroftfh')
,('lmadnerfi')
;
INSERT INTO public."Customer" ("UserName") VALUES 
('hcattlowfj')
,('bfahrenbachfk')
,('pgodbeherefl')
,('agethousefm')
,('bstonhardfn')
,('gtoderifo')
,('mivanyutinfp')
,('agebbfq')
,('jitzcakfr')
,('olongbonefs')
;
INSERT INTO public."Customer" ("UserName") VALUES 
('dwassonft')
,('sollivierrefu')
,('gpocockefv')
,('lrosbergfw')
,('rbridgenfx')
,('gcockerfy')
,('gcowpertwaitfz')
,('dcuthillg0')
,('cprobing1')
,('bbarokg2')
;
INSERT INTO public."Customer" ("UserName") VALUES 
('fmacgrathg3')
,('jheinricig4')
,('gbeedg5')
,('rhutching6')
,('mmccaddeng7')
,('cdallistong8')
,('zdodgsong9')
,('eshallowga')
,('moxtobygb')
,('rmcvittiegc')
;
INSERT INTO public."Customer" ("UserName") VALUES 
('ddorewardgd')
,('dsmallcombege')
,('ncolquitegf')
,('epantinggg')
,('bgehrickegh')
,('rtournaygi')
,('wlillywhitegj')
,('gbudcockgk')
,('wsambellgl')
,('myushmanovgm')
;
INSERT INTO public."Customer" ("UserName") VALUES 
('hpirdygn')
,('rreuthergo')
,('mhunnicuttgp')
,('aextongq')
,('ahonnicottgr')
,('nfrancellogs')
,('kpossegt')
,('jbigadikegu')
,('wosemangv')
,('sdadswellgw')
;
INSERT INTO public."Customer" ("UserName") VALUES 
('cemsleygx')
,('fmaulkingy')
,('mbutegz')
,('keppleh0')
,('lyurikovh1')
,('mschinettih2')
,('freochh3')
,('bhammerbergerh4')
,('kybarrah5')
,('ddownhamh6')
;
INSERT INTO public."Customer" ("UserName") VALUES 
('lmabeh7')
,('iuccelih8')
,('prheamh9')
,('ihuguesha')
,('cshuardhb')
,('mjacqueshc')
,('bworboyhd')
,('hdammarellhe')
,('gparradinehf')
,('nassurhg')
;
INSERT INTO public."Customer" ("UserName") VALUES 
('nmazinhh')
,('bjollyhi')
,('tmarchbankhj')
,('episerhk')
,('cgottshl')
,('blongstaffhm')
,('olardgehn')
,('aobingtonho')
,('rruddomhp')
,('sffrenchbeytaghhq')
;
INSERT INTO public."Customer" ("UserName") VALUES 
('cfellowshr')
,('kgoodyerhs')
,('apeltzerht')
,('ileberhu')
,('stattershallhv')
,('cdronsfieldhw')
,('pjefferieshx')
,('sjacombhy')
,('ddowtyhz')
,('dbarnwillei0')
;
INSERT INTO public."Customer" ("UserName") VALUES 
('mstrongi1')
,('nhalksworthi2')
,('jdunnei3')
,('bwageneni4')
,('zdurbridgei5')
,('pwestcari6')
,('bbenieshi7')
,('hmelodyi8')
,('tgayforthi9')
,('dwhittickia')
;
INSERT INTO public."Customer" ("UserName") VALUES 
('cbroadbentib')
,('bborgnolic')
,('mdavidovitchid')
,('nchuterie')
,('ijohnstoneif')
,('vviggersig')
,('astclairih')
,('dcaruthii')
,('dhubballij')
,('tsantelloik')
;
INSERT INTO public."Customer" ("UserName") VALUES 
('tyedyil')
,('bpaggittim')
,('aemsliein')
,('hoxbeio')
,('mblasdaleip')
,('sstuddiq')
,('mhaenselir')
,('mmausis')
,('ereboulit')
,('mcharletiu')
;
INSERT INTO public."Customer" ("UserName") VALUES 
('alaffliniv')
,('ssumpteriw')
,('hdungateix')
,('sconnellyiy')
,('fbrearleyiz')
,('mduligallj0')
,('askillittj1')
,('rericssenj2')
,('wrosencwaigj3')
,('rarneckej4')
;
INSERT INTO public."Customer" ("UserName") VALUES 
('cedgesonj5')
,('kwaberj6')
,('cshilladayj7')
,('amewtonj8')
,('efidelusj9')
,('ebooleja')
,('dkoppkejb')
,('gmulhalljc')
,('ngronauerjd')
,('cmartyje')
;
INSERT INTO public."Customer" ("UserName") VALUES 
('iwarrattjf')
,('gnewlovejg')
,('dsussansjh')
,('vtunbridgeji')
,('mknowlingjj')
,('ygiacomijk')
,('akleinplacjl')
,('acressarjm')
,('hbellonjn')
,('oheinritzjo')
;
INSERT INTO public."Customer" ("UserName") VALUES 
('dmitchensonjp')
,('cstollenjq')
,('cchanderjr')
,('cstychjs')
,('eludfordjt')
,('lvearsju')
,('piacoviellojv')
,('lfarlhamjw')
,('nbayliejx')
,('skerrjy')
;
INSERT INTO public."Customer" ("UserName") VALUES 
('wgrishaevjz')
,('bweaversk0')
,('jklagemank1')
,('rwellank2')
,('dollerheadk3')
,('lcoalk4')
,('mfernyhoughk5')
,('nskeldingk6')
,('martharsk7')
,('abottrellk8')
;
INSERT INTO public."Customer" ("UserName") VALUES 
('hbarthelmek9')
,('oschirakka')
,('dheliankb')
,('icodmankc')
,('tpicardkd')
,('jdanovichke')
,('mfredsonkf')
,('negertonkg')
,('cdefrainekh')
,('dkalbererki')
;
INSERT INTO public."Customer" ("UserName") VALUES 
('atirrellkj')
,('bjoriozkk')
,('lplackstonekl')
,('dnoellkm')
,('tgodrichkn')
,('gpetrovykhko')
,('sonoulanekp')
,('bashbykq')
,('rmerickr')
,('nkeoughks')
;
INSERT INTO public."Customer" ("UserName") VALUES 
('mseabertkt')
,('dcharretteku')
,('lboamekv')
,('hhegelkw')
,('ltorranskx')
,('krenzulloky')
,('gthireaukz')
,('agoomesl0')
,('lbrechel1')
,('tmycroftl2')
;
INSERT INTO public."Customer" ("UserName") VALUES 
('liacovinil3')
,('mscynerl4')
,('lgivensl5')
,('tscroxtonl6')
,('destevezl7')
,('hspurginl8')
,('jblackadderl9')
,('hberreyla')
,('ncossumlb')
,('bbloxamlc')
;
INSERT INTO public."Customer" ("UserName") VALUES 
('phawkridgeld')
,('chardsonle')
,('ekeachlf')
,('hvonbrooklg')
,('cgherardescilh')
,('dgrossierli')
,('jholbornlj')
,('ocowoppelk')
,('timlochll')
,('rvosslm')
;
INSERT INTO public."Customer" ("UserName") VALUES 
('mspinettiln')
,('bwhitsunlo')
,('gmerrywetherlp')
,('lcatlowlq')
,('bperkinsonlr')
,('ctuffinls')
,('hdewirelt')
,('ekumaarlu')
,('amcandrewlv')
,('jmcgaheylw')
;
INSERT INTO public."Customer" ("UserName") VALUES 
('mdonaldlx')
,('wwilsonly')
,('cbillisonlz')
,('jdewburym0')
,('gbrudenellm1')
,('rdescroixm2')
,('gferberm3')
,('dmorbym4')
,('flippardm5')
,('bbuddlem6')
;
INSERT INTO public."Customer" ("UserName") VALUES 
('bcrudenm7')
,('ssmeadm8')
,('nfountainm9')
,('cmcghiema')
,('kconamb')
,('cscarthmc')
,('rtutingmd')
,('jrosencwaigme')
,('bandrasmf')
,('gtourvillemg')
;
INSERT INTO public."Customer" ("UserName") VALUES 
('nbrentmh')
,('wmaccreemi')
,('omaccartairmj')
,('mounsworthmk')
,('gpinkeml')
,('msyalvestermm')
,('aturfsmn')
,('mnaiseymo')
,('adidballmp')
,('mbingemq')
;
INSERT INTO public."Customer" ("UserName") VALUES 
('lsketchermr')
,('afruishms')
,('dgartsidemt')
,('hplessingmu')
,('rsiddeleymv')
,('gdominicaccimw')
,('esheeringmx')
,('sflintoftmy')
,('rpattendenmz')
,('tlukinsn0')
;
INSERT INTO public."Customer" ("UserName") VALUES 
('rsteddalln1')
,('okubesn2')
,('fwharriern3')
,('bwortsn4')
,('mdeeblen5')
,('oparduen6')
,('kolivan7')
,('hholbarrown8')
,('rcrossbyn9')
,('msammarsna')
;
INSERT INTO public."Customer" ("UserName") VALUES 
('ktabernernb')
,('jloblienc')
,('cdavittind')
,('adeniskene')
,('ggilbanenf')
,('akibblewhiteng')
,('switchernh')
,('ssimonsni')
,('btotaronj')
,('barmalnk')
;
INSERT INTO public."Customer" ("UserName") VALUES 
('hserjentnl')
,('rsillwoodnm')
,('araddenburynn')
,('aariasno')
,('sbeartupnp')
,('tporteousnq')
,('hwickersonnr')
,('cbracchins')
,('ieadent')
,('adalglishnu')
;
INSERT INTO public."Customer" ("UserName") VALUES 
('nhamlennv')
,('sbewnw')
,('kmewhirternx')
,('jroneyny')
,('handreopolosnz')
,('nmerrieno0')
,('agurgeo1')
,('fpaigeo2')
,('ablesingo3')
,('dbrenstono4')
;
INSERT INTO public."Customer" ("UserName") VALUES 
('cledwitho5')
,('rmicklewrighto6')
,('ltinmano7')
,('jfollino8')
,('bjeano9')
,('akeoghanoa')
,('cseigniorob')
,('echessonoc')
,('avynehallod')
,('wfransesoe')
;
INSERT INTO public."Customer" ("UserName") VALUES 
('askallyof')
,('tstephensonog')
,('wtroyoh')
,('bbraddoi')
,('jarnkeoj')
,('egrisdaleok')
,('sknobleol')
,('bsimaoom')
,('mbultitudeon')
,('bkersawoo')
;
INSERT INTO public."Customer" ("UserName") VALUES 
('ocomelloop')
,('rcaveilloq')
,('dyersonor')
,('ibuggyos')
,('aswallwellot')
,('mmullaneou')
,('nselcraigov')
,('hcowopeow')
,('clevayox')
,('emaddocksoy')
;
INSERT INTO public."Customer" ("UserName") VALUES 
('cfairburnoz')
,('dgwinnelp0')
,('mfydop1')
,('hgimbrettp2')
,('smehaffeyp3')
,('adarracottp4')
,('tmeeganp5')
,('chaslingp6')
,('ashakeladep7')
,('jclaringboldp8')
;
INSERT INTO public."Customer" ("UserName") VALUES 
('bsnodingp9')
,('llundonpa')
,('cdickiepb')
,('sjustunpc')
,('akernespd')
,('cbrestonpe')
,('mmacpharlainpf')
,('dcadwellpg')
,('csowersbyph')
,('htashpi')
;
INSERT INTO public."Customer" ("UserName") VALUES 
('mpenwardenpj')
,('hwatkisspk')
,('tdawbypl')
,('pmibournepm')
,('fcastelluzzipn')
,('rdailypo')
,('datherleypp')
,('dsothampq')
,('kgenckepr')
,('blindeps')
;
INSERT INTO public."Customer" ("UserName") VALUES 
('tarndtsenpt')
,('pconboypu')
,('emeaghpv')
,('sraschpw')
,('jcarniepx')
,('gwysomepy')
,('dbelamypz')
,('lkellittq0')
,('lcostyq1')
,('mokieltq2')
;
INSERT INTO public."Customer" ("UserName") VALUES 
('cstorieq3')
,('cburleighq4')
,('vjankovskyq5')
,('asowleq6')
,('kvautierq7')
,('cleportq8')
,('ibonettq9')
,('ppilkintonqa')
,('jmcfeeqb')
,('vhutonqc')
;
INSERT INTO public."Customer" ("UserName") VALUES 
('tbascombqd')
,('jwerrilowqe')
,('rwyettqf')
,('pescaleraqg')
,('dmatieuqh')
,('owarbeysqi')
,('ldowdneyqj')
,('pwrinchqk')
,('grelphql')
,('lmatterdaceqm')
;
INSERT INTO public."Customer" ("UserName") VALUES 
('adowsqn')
,('rlambersenqo')
,('ccounterqp')
,('epabelikqq')
,('chenfreqr')
,('eexelbyqs')
,('emckeneyqt')
,('lhastewellqu')
,('afranktonqv')
,('acharringtonqw')
;
INSERT INTO public."Customer" ("UserName") VALUES 
('dpesterfieldqx')
,('hfostonqy')
,('dwhitcombqz')
,('abudnkr0')
,('mtomkinsonr1')
,('clansdaler2')
,('ujackesr3')
,('agheorgher4')
,('moxleer5')
,('dpacher6')
;
INSERT INTO public."Customer" ("UserName") VALUES 
('nferreiror7')
,('gmalkinr8')
,('livyr9')
,('rtibbitsra')
,('skeirrb')
,('rgonetrc')
,('aroysonrd')
,('cdealre')
,('bloaderf')
,('emeddemmenrg')
;
INSERT INTO public."Customer" ("UserName") VALUES 
('hbimsrh')
,('arobbenri')
,('dmitchallrj')
,('bempsrk')
,('jjewiserl')
,('tcammishrm')
,('fbeltznerrn')
,('hwilsteadro')
,('fdequinceyrp')
,('tsturgeonrq')
;
INSERT INTO public."Customer" ("UserName") VALUES 
('aclamprr')
;

INSERT INTO public."Flight" ("DepartureDate","DepartureTime","ArrivalDate","ArrivalTime","DepartureAirport","ArrivalAirport","NumSeats") VALUES 
('2019-11-20','03:30:15','2020-12-09','15:27:24','GLD','SHV',45)
,('2019-12-15','23:19:12','2020-08-07','00:41:42','ESC','PIT',45)
,('2019-11-24','04:24:53','2020-08-10','07:27:29','CEC','TTN',48)
,('2019-09-19','12:17:05','2020-11-15','13:36:51','LNS','WRL',49)
,('2019-04-21','09:03:58','2020-07-06','06:05:59','JXN','PSC',49)
,('2019-10-18','06:30:41','2020-09-11','16:37:22','FHR','ALS',49)
,('2019-05-23','20:56:55','2020-08-06','23:33:39','DRO','MLI',52)
,('2020-01-28','17:14:39','2020-11-28','16:45:38','RFD','INT',53)
,('2019-09-17','12:41:03','2021-01-18','09:26:06','ASE','MSS',55)
,('2019-05-11','22:43:22','2020-08-02','16:33:01','ILI','KTB',55)
;
INSERT INTO public."Flight" ("DepartureDate","DepartureTime","ArrivalDate","ArrivalTime","DepartureAirport","ArrivalAirport","NumSeats") VALUES 
('2019-06-07','22:38:15','2021-01-17','13:41:42','OGG','DUT',55)
,('2019-04-21','15:53:15','2020-09-25','18:01:05','KAE','UNV',56)
,('2019-12-20','17:30:29','2020-04-21','06:44:37','CWI','UCA',56)
,('2020-01-08','18:25:49','2020-05-13','21:05:05','DFW','PLN',56)
,('2020-03-21','04:16:34','2020-05-30','09:50:59','IGM','ALW',63)
,('2020-02-02','06:22:55','2020-04-13','18:38:34','GBD','SIT',64)
,('2019-07-25','16:33:34','2020-09-20','18:32:31','INL','ROW',65)
,('2019-06-04','12:02:25','2020-06-11','17:17:07','AGS','MFE',65)
,('2020-03-28','09:17:58','2020-08-04','21:03:09','EUG','RKS',66)
,('2020-03-18','05:11:20','2020-10-14','06:05:57','LEX','NQA',66)
;
INSERT INTO public."Flight" ("DepartureDate","DepartureTime","ArrivalDate","ArrivalTime","DepartureAirport","ArrivalAirport","NumSeats") VALUES 
('2020-02-13','18:49:02','2021-02-22','19:45:30','COE','ONT',67)
,('2020-02-01','10:35:44','2020-10-19','20:18:30','SIG','RSH',68)
,('2019-04-16','10:27:57','2020-04-14','13:05:19','GUP','SMX',69)
,('2019-08-15','18:14:15','2020-08-22','19:21:45','BZN','MOD',69)
,('2019-09-06','03:34:46','2020-04-23','12:03:04','ROC','ISN',69)
,('2020-01-24','05:07:32','2020-04-21','01:23:09','JNU','UNK',72)
,('2019-12-05','06:39:00','2020-11-20','21:49:09','AUS','TYS',72)
,('2020-01-23','10:11:19','2020-06-09','10:31:51','CVX','OTH',72)
,('2019-07-28','13:04:50','2021-03-03','18:00:53','KAL','VLD',75)
,('2019-11-04','13:00:32','2020-12-08','10:19:51','AKW','TBN',75)
;
INSERT INTO public."Flight" ("DepartureDate","DepartureTime","ArrivalDate","ArrivalTime","DepartureAirport","ArrivalAirport","NumSeats") VALUES 
('2019-05-04','09:06:06','2020-06-05','17:06:26','A85','AVP',75)
,('2019-07-18','09:40:44','2020-10-21','09:01:57','KWT','ICT',76)
,('2020-02-06','08:39:31','2021-02-20','17:53:09','SPI','AIZ',76)
,('2019-04-10','07:07:05','2021-01-20','03:21:33','DIK','PTH',78)
,('2019-08-07','14:19:43','2021-02-06','17:33:48','HKS','SGJ',79)
,('2019-11-07','14:38:01','2020-06-26','13:31:51','LRD','YKM',80)
,('2019-12-14','09:53:28','2020-06-22','06:18:17','IDA','TXK',81)
,('2020-03-27','04:11:57','2020-11-25','14:52:48','CHA','PQI',81)
,('2019-11-02','14:20:40','2020-04-18','23:12:43','GFK','SRR',83)
,('2020-02-02','15:55:19','2020-06-30','18:49:33','1G4','SDY',83)
;
INSERT INTO public."Flight" ("DepartureDate","DepartureTime","ArrivalDate","ArrivalTime","DepartureAirport","ArrivalAirport","NumSeats") VALUES 
('2019-11-29','20:48:43','2021-02-06','08:50:26','LAL','OSH',83)
,('2019-06-15','10:48:36','2020-08-29','00:31:29','CIU','Z08',85)
,('2019-10-27','03:39:33','2020-05-05','00:29:51','DET','PNC',85)
,('2019-08-31','00:50:24','2020-07-21','15:41:18','HNM','BEH',85)
,('2019-12-23','18:25:04','2021-02-21','11:57:45','BUR','MVN',86)
,('2019-09-01','22:46:10','2020-08-02','14:58:28','IWD','SHR',87)
,('2019-08-24','01:49:36','2021-01-17','10:19:27','EAR','VRB',88)
,('2020-02-11','00:10:35','2020-11-26','17:55:30','JBR','HVN',88)
,('2020-03-19','17:29:47','2020-11-17','04:36:46','AMA','TWF',89)
,('2020-03-09','21:55:15','2021-01-16','09:15:19','GRK','MUE',89)
;
INSERT INTO public."Flight" ("DepartureDate","DepartureTime","ArrivalDate","ArrivalTime","DepartureAirport","ArrivalAirport","NumSeats") VALUES 
('2019-07-13','23:44:14','2020-10-20','01:45:32','GRB','MCG',89)
,('2019-12-07','22:08:24','2021-02-24','14:04:59','ISO','IAD',89)
,('2019-12-12','13:47:40','2020-10-01','11:07:41','JLN','TYR',91)
,('2019-11-08','05:29:57','2020-10-10','06:07:01','AKN','GJT',91)
,('2019-11-23','11:34:07','2020-04-19','07:03:43','MQI','PHL',92)
,('2019-10-05','14:21:35','2020-12-10','08:30:02','ACB','MRI',92)
,('2019-09-23','03:02:36','2020-09-07','21:35:30','LSE','OKC',93)
,('2020-02-14','00:48:39','2020-10-06','16:27:57','LGA','DDH',94)
,('2019-09-21','22:19:08','2020-06-19','15:55:28','DBQ','LAF',96)
,('2019-07-28','09:09:09','2020-09-01','00:20:34','GGV','BRW',96)
;
INSERT INTO public."Flight" ("DepartureDate","DepartureTime","ArrivalDate","ArrivalTime","DepartureAirport","ArrivalAirport","NumSeats") VALUES 
('2020-01-08','20:57:56','2020-11-21','09:32:28','MDY','STP',98)
,('2019-05-06','14:52:32','2020-06-20','01:59:35','DAN','PSG',99)
,('2020-03-16','08:42:50','2020-04-11','02:47:06','DAY','GYR',99)
,('2020-02-21','14:33:08','2020-08-18','07:14:59','LMT','ATY',99)
,('2020-03-05','05:28:21','2020-05-14','14:18:36','KDK','WST',101)
,('2019-08-07','14:56:04','2020-04-22','09:19:52','2A9','SQI',101)
,('2020-01-10','19:30:27','2021-01-18','18:06:56','CEZ','PPG',101)
,('2019-05-07','23:44:45','2020-11-02','07:37:15','GGG','OQU',102)
,('2019-09-09','22:22:11','2020-07-18','00:40:32','HFD','SGF',103)
,('2020-01-02','21:10:42','2020-05-04','17:46:52','IYK','OOK',103)
;
INSERT INTO public."Flight" ("DepartureDate","DepartureTime","ArrivalDate","ArrivalTime","DepartureAirport","ArrivalAirport","NumSeats") VALUES 
('2020-01-26','20:38:57','2020-09-13','20:44:21','IRK','ALO',103)
,('2020-01-25','14:43:02','2020-08-25','19:35:56','ANC','MBL',104)
,('2019-05-22','16:53:10','2020-05-06','07:14:07','FAY','GRO',104)
,('2019-08-09','03:50:08','2020-09-07','05:09:55','JAX','T44',105)
,('2019-04-09','04:56:23','2020-06-28','04:30:30','PWT','MRY',105)
,('2019-08-19','23:54:48','2020-07-04','22:27:26','CVG','IXD',107)
,('2020-01-16','00:53:23','2020-04-28','23:55:53','HNL','SYR',108)
,('2019-07-26','05:54:43','2020-04-29','16:59:43','DUY','CEF',108)
,('2019-04-18','02:20:32','2021-02-22','21:26:47','FAR','SGU',110)
,('2019-08-04','08:42:06','2020-12-11','07:04:00','ESF','RDM',110)
;
INSERT INTO public."Flight" ("DepartureDate","DepartureTime","ArrivalDate","ArrivalTime","DepartureAirport","ArrivalAirport","NumSeats") VALUES 
('2019-05-18','02:32:45','2020-10-18','17:52:44','CGF','EAT',110)
,('2019-07-28','18:54:13','2020-04-12','19:22:45','LAA','GGW',111)
,('2020-03-25','17:08:45','2021-01-19','01:24:55','BIS','MCN',112)
,('2019-06-02','21:47:19','2021-01-04','21:23:07','GON','SBN',113)
,('2020-03-21','21:11:55','2020-11-12','22:59:42','GUM','BRL',114)
,('2019-10-10','20:35:30','2021-02-03','07:16:35','ADK','ABE',115)
,('2019-06-14','15:34:52','2020-10-01','06:09:58','GBH','SAF',116)
,('2019-11-16','15:24:00','2020-12-04','21:44:08','TVL','ILL',116)
,('2019-07-22','12:50:42','2021-01-29','01:55:28','BRD','BMG',117)
,('2019-04-22','00:43:20','2020-06-13','19:21:59','HKY','WBB',119)
;
INSERT INTO public."Flight" ("DepartureDate","DepartureTime","ArrivalDate","ArrivalTime","DepartureAirport","ArrivalAirport","NumSeats") VALUES 
('2019-07-16','07:44:21','2020-07-04','10:50:01','JRB','PVC',119)
,('2019-12-13','02:52:49','2020-05-31','18:36:40','CIC','OCF',119)
,('2019-10-11','02:20:24','2020-09-04','17:49:23','SCC','GSO',119)
,('2019-09-20','23:01:57','2020-05-20','18:17:30','FMN','SJC',121)
,('2019-12-29','17:02:53','2021-01-06','15:16:36','STT','PRB',121)
,('2019-04-13','01:13:10','2020-07-31','03:17:49','CDV','PAH',123)
,('2019-06-21','16:04:48','2020-05-01','19:40:06','GAL','OTZ',124)
,('2019-08-12','14:00:32','2021-01-02','00:17:22','LFT','CLM',124)
,('2020-03-09','17:24:50','2020-04-25','03:06:58','JMS','TUL',125)
,('2019-09-06','02:14:47','2021-01-02','18:48:17','LCH','IWA',125)
;
INSERT INTO public."Flight" ("DepartureDate","DepartureTime","ArrivalDate","ArrivalTime","DepartureAirport","ArrivalAirport","NumSeats") VALUES 
('2019-05-13','18:34:13','2020-07-15','06:37:48','SVC','FSD',125)
,('2019-07-25','16:40:49','2020-11-12','21:20:31','ATL','CRQ',125)
,('2019-04-09','11:33:47','2020-11-15','02:14:53','DVT','0AK',125)
,('2019-10-20','07:01:07','2021-02-25','19:57:37','AZO','UOX',126)
,('2019-11-25','11:38:07','2021-02-01','18:49:12','BAK','OXR',126)
,('2019-12-20','21:55:17','2020-05-09','14:17:57','CDC','ILG',126)
,('2019-06-30','04:15:32','2020-11-24','19:10:46','LNY','ORH',128)
,('2019-07-31','07:51:13','2020-08-20','00:32:13','BMI','EWR',131)
,('2019-09-30','02:23:16','2020-07-05','22:58:21','ITO','SWF',132)
,('2019-05-15','00:36:33','2020-11-30','00:48:37','BCE','MGW',133)
;
INSERT INTO public."Flight" ("DepartureDate","DepartureTime","ArrivalDate","ArrivalTime","DepartureAirport","ArrivalAirport","NumSeats") VALUES 
('2019-06-16','14:26:26','2020-10-05','02:12:37','IND','TOG',134)
,('2019-07-05','23:14:17','2020-10-10','17:07:07','DDC','PDX',135)
,('2019-04-24','01:54:03','2021-02-27','04:51:31','VQQ','EWB',135)
,('2020-02-20','06:44:44','2020-12-13','05:41:12','IAH','MYR',136)
,('2019-06-04','15:47:46','2021-01-30','21:44:19','KEB','ROA',137)
,('2019-12-20','11:20:43','2021-02-09','11:21:53','PLB','OLM',137)
,('2020-03-28','01:37:22','2020-10-18','00:55:50','HYA','HOT',137)
,('2019-05-23','07:19:18','2021-01-07','00:51:52','JAN','HTS',140)
,('2020-03-30','06:49:41','2021-01-04','02:53:12','AIA','LYH',141)
,('2019-04-28','04:50:33','2020-10-15','05:52:06','AIY','MKL',144)
;
INSERT INTO public."Flight" ("DepartureDate","DepartureTime","ArrivalDate","ArrivalTime","DepartureAirport","ArrivalAirport","NumSeats") VALUES 
('2019-08-18','09:10:05','2020-05-25','07:55:10','LAW','YNG',145)
,('2019-04-28','13:56:57','2020-06-12','20:17:04','FYU','SFO',145)
,('2020-01-14','07:14:10','2020-06-06','14:28:24','HNH','PVD',145)
,('2020-01-10','18:54:37','2020-09-30','06:46:41','BTM','MIA',154)
,('2019-05-29','22:23:50','2020-11-11','20:43:00','BED','CGX',154)
,('2019-11-06','00:38:56','2020-06-08','07:58:27','KOA','BFF',154)
,('2019-07-03','16:34:40','2020-11-18','03:08:56','COS','SFB',155)
,('2019-10-27','15:18:50','2021-02-18','08:23:34','GRI','ONP',155)
,('2020-02-12','06:16:06','2020-11-17','22:34:14','LRU','HDN',155)
,('2019-12-06','07:09:10','2020-09-25','14:37:27','GLS','SRQ',156)
;
INSERT INTO public."Flight" ("DepartureDate","DepartureTime","ArrivalDate","ArrivalTime","DepartureAirport","ArrivalAirport","NumSeats") VALUES 
('2019-06-23','15:27:56','2020-07-29','20:00:37','BWG','MOB',157)
,('2019-09-24','09:55:39','2020-09-22','08:40:14','IMT','TOL',158)
,('2019-12-26','15:17:39','2020-06-03','12:12:44','BRO','MTJ',158)
,('2020-01-02','01:54:18','2020-05-26','12:34:20','AND','MBA',165)
,('2020-01-04','09:14:18','2020-07-11','01:42:13','CLT','VGT',168)
,('2020-03-23','16:11:20','2021-02-16','21:01:02','MDW','PTK',168)
,('2019-04-22','19:56:29','2020-11-26','18:08:26','APN','PLK',168)
,('2019-08-29','11:40:54','2020-05-03','21:16:21','WWD','APF',168)
,('2020-02-16','17:50:17','2020-06-10','04:03:21','CRP','PGA',170)
,('2019-05-24','14:52:22','2020-11-02','22:23:09','FSM','SJT',171)
;
INSERT INTO public."Flight" ("DepartureDate","DepartureTime","ArrivalDate","ArrivalTime","DepartureAirport","ArrivalAirport","NumSeats") VALUES 
('2019-05-13','07:37:14','2020-06-13','02:55:39','DUJ','PUW',172)
,('2019-09-07','03:17:37','2020-05-01','05:06:46','BPK','PSE',172)
,('2020-01-17','21:40:56','2020-11-05','08:08:06','FAI','DCA',172)
,('2019-08-06','20:06:11','2020-10-09','12:50:34','MEI','BTL',173)
,('2020-02-05','06:51:37','2020-08-31','02:47:59','NEW','ILM',176)
,('2019-10-14','14:46:50','2020-10-03','17:52:16','OMA','D76',176)
,('2020-03-07','03:40:33','2020-10-12','22:47:44','BHM','BLV',177)
,('2019-09-07','22:29:51','2021-02-28','02:04:36','SUN','SDP',180)
,('2020-03-17','08:15:20','2020-06-07','23:44:47','EKM','RNO',180)
,('2019-10-24','04:17:25','2020-07-17','11:17:06','CHS','OME',180)
;
INSERT INTO public."Flight" ("DepartureDate","DepartureTime","ArrivalDate","ArrivalTime","DepartureAirport","ArrivalAirport","NumSeats") VALUES 
('2019-06-29','19:34:51','2020-11-10','23:24:09','MTH','SNP',182)
,('2019-12-10','05:00:33','2021-02-07','11:22:05','MSN','PIA',182)
,('2020-02-26','06:39:25','2021-01-19','04:07:48','YKN','EFK',183)
,('2019-05-01','07:50:50','2020-12-15','06:40:40','BWI','BFL',185)
,('2019-09-10','01:19:22','2020-12-23','23:56:44','ENM','RIW',186)
,('2020-03-02','23:10:10','2020-11-17','08:41:02','EEK','RAP',187)
,('2019-12-02','21:14:06','2021-01-30','09:18:01','BTV','MKG',187)
,('2020-03-01','01:03:00','2020-05-09','11:50:14','ATK','MMV',188)
,('2019-10-14','11:12:40','2020-08-27','22:21:18','CWA','PHF',189)
,('2019-08-23','08:30:33','2020-10-31','13:02:33','HON','SKX',191)
;
INSERT INTO public."Flight" ("DepartureDate","DepartureTime","ArrivalDate","ArrivalTime","DepartureAirport","ArrivalAirport","NumSeats") VALUES 
('2020-02-27','02:08:03','2020-12-08','21:41:34','HOU','SCK',192)
,('2019-12-15','23:48:30','2020-05-24','05:19:19','FTW','SAN',193)
,('2019-07-15','16:29:12','2020-12-01','08:14:21','ANB','3A5',193)
,('2019-11-02','14:03:54','2020-10-31','04:55:35','MWH','SUX',195)
,('2019-05-06','18:17:24','2020-10-25','06:45:27','AID','MKT',197)
,('2019-04-27','13:52:38','2021-01-24','01:33:27','GKN','VCV',198)
,('2020-01-11','13:07:52','2021-01-03','11:55:53','JAC','TRI',199)
,('2019-09-16','13:12:26','2020-10-05','15:15:34','LWB','MQY',201)
,('2019-08-02','00:29:56','2021-02-06','17:18:09','GUC','MDH',201)
,('2020-01-30','19:34:51','2020-07-06','18:32:56','HXD','SWO',202)
;
INSERT INTO public."Flight" ("DepartureDate","DepartureTime","ArrivalDate","ArrivalTime","DepartureAirport","ArrivalAirport","NumSeats") VALUES 
('2019-06-01','19:40:06','2020-05-06','22:20:35','MTO','MCO',205)
,('2020-04-03','19:41:26','2021-02-11','03:32:40','CAE','OTM',207)
,('2020-03-08','09:26:33','2020-05-26','13:52:20','ANI','MLL',208)
,('2019-06-22','05:32:32','2020-05-07','21:00:24','BGR','MFR',209)
,('2019-05-07','22:12:14','2020-10-02','05:11:58','PDT','BKW',209)
,('2019-07-23','02:44:37','2020-07-29','05:42:08','FAT','SBP',210)
,('2019-08-29','04:25:04','2020-07-28','20:33:44','OFK','FKL',210)
,('2020-02-06','06:30:23','2020-05-04','16:36:56','CNY','ACK',210)
,('2019-09-14','14:32:40','2020-09-23','13:30:51','N93','SOW',211)
,('2019-08-06','06:09:47','2021-03-01','09:28:42','ELP','RDG',211)
;
INSERT INTO public."Flight" ("DepartureDate","DepartureTime","ArrivalDate","ArrivalTime","DepartureAirport","ArrivalAirport","NumSeats") VALUES 
('2019-11-25','13:03:54','2021-01-23','12:40:04','BFI','MSP',211)
,('2019-10-13','18:14:06','2020-05-02','17:04:58','ORD','OAK',212)
,('2019-12-24','19:53:05','2020-04-29','13:26:30','BTI','MEM',212)
,('2019-04-17','09:42:15','2020-06-10','20:49:09','ELO','LCK',214)
,('2019-09-18','13:14:44','2020-06-05','16:18:23','AGC','LBB',214)
,('2020-01-07','03:26:04','2021-02-18','19:51:47','AFM','MMH',216)
,('2019-11-11','11:50:33','2020-11-20','21:18:20','CMI','UUU',218)
,('2020-03-09','17:06:55','2020-08-19','00:55:30','DAB','PHX',218)
,('2019-05-14','02:09:36','2020-12-19','02:49:45','BFD','MKK',218)
,('2020-01-25','12:51:52','2020-04-15','01:43:07','GSP','PAE',222)
;
INSERT INTO public."Flight" ("DepartureDate","DepartureTime","ArrivalDate","ArrivalTime","DepartureAirport","ArrivalAirport","NumSeats") VALUES 
('2019-05-03','01:06:18','2020-08-17','13:28:06','CDB','ORS',223)
,('2019-08-03','18:01:11','2021-01-28','20:14:32','ENA','VCT',225)
,('2019-11-01','11:18:20','2020-11-28','04:51:19','CCR','MMU',225)
,('2019-12-11','15:16:37','2020-07-10','06:08:18','SLK','LWS',225)
,('2019-04-13','13:31:20','2020-11-03','11:48:08','IAN','MIV',226)
,('2019-11-19','08:22:27','2020-05-08','21:48:12','ABI','LEB',226)
,('2019-06-02','09:21:43','2020-08-03','23:35:13','AKP','MHK',228)
,('2019-09-20','06:03:42','2021-01-02','17:53:33','LUK','OSU',229)
,('2019-04-14','11:19:14','2021-02-28','12:40:39','ITH','PQL',232)
,('2020-01-30','21:51:19','2020-11-10','07:57:47','POU','UIN',233)
;
INSERT INTO public."Flight" ("DepartureDate","DepartureTime","ArrivalDate","ArrivalTime","DepartureAirport","ArrivalAirport","NumSeats") VALUES 
('2020-03-01','17:27:57','2020-07-22','00:55:02','GTR','SHH',234)
,('2019-11-16','23:49:33','2020-11-01','19:51:22','HGR','RSW',234)
,('2019-08-07','19:58:10','2021-01-26','02:06:49','ACV','MDM',234)
,('2020-02-07','21:17:16','2020-05-07','18:08:15','HSV','TPA',235)
,('2019-08-20','17:58:58','2020-12-30','04:42:37','BDL','BLM',236)
,('2020-03-23','11:44:45','2020-06-14','17:01:28','HNS','ABY',237)
,('2020-01-24','05:10:06','2021-01-15','22:58:34','AEX','LAX',238)
,('2019-08-28','21:05:17','2020-12-25','22:21:22','FRM','STJ',239)
,('2020-03-14','16:37:51','2021-01-03','16:10:45','BIL','PKB',240)
,('2020-04-04','07:46:37','2021-02-22','08:26:11','AGN','MFD',240)
;
INSERT INTO public."Flight" ("DepartureDate","DepartureTime","ArrivalDate","ArrivalTime","DepartureAirport","ArrivalAirport","NumSeats") VALUES 
('2019-10-18','16:04:16','2020-11-15','13:58:06','MPV','TAL',242)
,('2019-05-10','01:06:37','2020-08-28','06:51:20','DAL','PSM',242)
,('2020-03-25','02:55:38','2020-11-07','20:20:26','HYS','STC',243)
,('2020-02-22','08:50:53','2020-06-22','15:54:52','FLG','SMF',244)
,('2019-11-28','16:41:08','2020-05-07','22:11:03','AOO','ISP',244)
,('2020-02-01','07:28:05','2020-05-22','10:56:43','GRR','WLK',245)
,('2019-07-21','11:39:52','2020-08-21','03:57:01','BDE','MCE',245)
,('2019-09-26','21:11:23','2020-08-09','23:20:10','CYS','16A',246)
,('2019-06-09','20:51:47','2020-08-31','05:55:28','AXN','EWU',247)
,('2019-08-17','21:00:00','2020-07-30','04:54:52','GYH','PWM',248)
;
INSERT INTO public."Flight" ("DepartureDate","DepartureTime","ArrivalDate","ArrivalTime","DepartureAirport","ArrivalAirport","NumSeats") VALUES 
('2019-04-09','11:42:38','2021-02-25','02:03:34','IIK','OXC',248)
,('2019-08-18','08:59:46','2020-04-25','08:30:38','X95','ORI',248)
,('2019-08-02','15:31:42','2021-01-17','18:40:04','LAN','OTG',249)
,('2019-04-21','18:37:22','2020-09-06','22:27:38','EGE','AQH',249)
,('2019-04-29','00:12:19','2020-07-02','08:14:42','HPB','TLH',250)
,('2019-10-08','07:13:05','2020-11-26','21:51:23','MKC','WTK',252)
,('2019-07-01','22:57:24','2020-11-13','13:46:39','HLA','TEX',252)
,('2020-02-27','00:58:11','2021-01-31','09:38:39','CSG','OWB',253)
,('2020-02-09','20:18:57','2020-04-27','03:25:05','GPT','BPT',253)
,('2020-03-15','14:59:21','2020-12-29','21:13:08','HRO','MSO',254)
;
INSERT INTO public."Flight" ("DepartureDate","DepartureTime","ArrivalDate","ArrivalTime","DepartureAirport","ArrivalAirport","NumSeats") VALUES 
('2019-10-01','10:52:01','2021-02-07','17:23:23','AEX','SDF',256)
,('2019-11-02','03:26:05','2020-04-11','07:49:38','BKX','MGM',256)
,('2019-09-22','11:09:59','2020-04-08','03:02:45','PCW','BNA',257)
,('2019-12-25','18:15:31','2020-12-19','03:25:00','KTN','VIS',258)
,('2019-04-07','04:31:25','2020-11-10','20:49:23','ELI','RDD',258)
,('2020-02-18','20:56:23','2021-01-28','11:10:51','DRT','MZJ',259)
,('2020-03-08','18:12:29','2021-02-21','02:52:23','BID','MAF',261)
,('2019-11-16','10:08:17','2020-10-04','15:28:33','KVL','ART',262)
,('2020-01-04','07:32:36','2020-04-17','10:12:20','FOE','SLE',266)
,('2019-04-14','03:37:10','2021-01-30','16:14:06','CLE','6R7',266)
;
INSERT INTO public."Flight" ("DepartureDate","DepartureTime","ArrivalDate","ArrivalTime","DepartureAirport","ArrivalAirport","NumSeats") VALUES 
('2019-04-22','15:39:22','2020-05-16','00:13:12','HOM','GED',267)
,('2020-04-03','17:26:23','2020-08-23','16:33:57','RKD','WYS',268)
,('2019-06-17','06:42:13','2020-10-10','01:18:58','74S','MHT',269)
,('2019-05-29','04:40:26','2020-11-19','17:25:16','ALM','LIT',269)
,('2019-11-08','01:51:25','2020-09-22','19:08:06','CGI','WNA',270)
,('2019-09-06','17:42:23','2021-02-25','08:54:29','TPL','PUB',270)
,('2019-08-29','16:50:23','2021-02-20','01:18:39','GCN','SHG',272)
,('2020-03-04','16:26:44','2020-05-16','16:07:22','CRW','ORF',273)
,('2019-10-31','14:53:44','2020-04-09','17:53:36','DTW','CMH',273)
,('2019-09-13','01:25:07','2020-06-08','22:18:42','BAF','MLB',274)
;
INSERT INTO public."Flight" ("DepartureDate","DepartureTime","ArrivalDate","ArrivalTime","DepartureAirport","ArrivalAirport","NumSeats") VALUES 
('2019-09-08','10:15:42','2021-02-24','14:35:09','TVC','AQT',274)
,('2019-08-23','05:55:52','2021-02-10','15:56:30','ELY','RIC',278)
,('2019-04-16','10:36:21','2020-07-23','08:17:43','BTR','MNM',278)
,('2019-08-01','13:45:47','2020-05-14','18:50:43','MIE','PGV',279)
,('2019-08-26','06:45:44','2021-01-26','23:12:35','PGD','SFZ',281)
,('2020-03-29','23:31:16','2020-11-02','21:59:28','HSL','HUF',281)
,('2019-10-24','17:59:51','2020-08-02','09:45:37','MCI','HRL',282)
,('2020-01-23','06:25:29','2020-08-18','03:49:13','CFK','XNA',283)
,('2019-12-27','18:12:01','2021-01-22','20:48:07','BLI','MTM',283)
,('2019-07-23','07:06:27','2020-06-09','20:44:43','BGM','ILE',284)
;
INSERT INTO public."Flight" ("DepartureDate","DepartureTime","ArrivalDate","ArrivalTime","DepartureAirport","ArrivalAirport","NumSeats") VALUES 
('2019-04-30','07:00:09','2020-04-11','10:37:16','JST','TCL',285)
,('2020-02-09','16:40:13','2020-10-26','15:08:05','BIG','SJU',285)
,('2019-06-07','18:37:16','2020-11-18','23:12:38','PIB','SGH',286)
,('2019-08-17','13:08:17','2020-05-08','04:52:40','CPX','PFN',290)
,('2019-07-20','16:26:09','2020-09-05','17:25:06','MDT','SUS',294)
,('2020-01-16','19:56:46','2020-10-23','08:52:58','COU','ATW',294)
,('2020-03-20','05:40:50','2021-02-16','21:25:38','HLN','ALN',295)
,('2019-11-09','21:15:11','2020-06-14','13:07:11','IPL','TNI',296)
,('2019-06-08','20:02:55','2020-09-09','03:00:03','GCC','SOV',296)
,('2019-09-18','09:59:18','2020-11-30','10:49:33','IFP','COD',297)
;
INSERT INTO public."Flight" ("DepartureDate","DepartureTime","ArrivalDate","ArrivalTime","DepartureAirport","ArrivalAirport","NumSeats") VALUES 
('2019-12-06','04:57:04','2020-09-26','18:56:48','EYW','ACT',297)
,('2020-01-09','06:26:42','2020-06-14','21:39:08','EWN','PMD',298)
,('2020-03-27','11:49:01','2020-11-30','00:03:34','STL','WDG',299)
,('2019-08-02','20:49:18','2020-11-04','11:31:37','LBE','MVY',299)
,('2019-05-02','21:17:22','2021-02-16','04:20:59','SNA','TUP',302)
,('2019-10-18','11:08:43','2020-08-30','16:33:22','CAK','LIH',302)
,('2019-11-14','03:08:32','2020-10-31','09:14:59','HND','KSM',302)
,('2019-09-17','21:58:17','2020-11-25','19:08:51','CID','MSY',303)
,('2019-08-26','12:30:59','2021-01-15','04:20:06','GCK','SVA',304)
,('2019-06-26','00:56:44','2020-08-28','21:19:03','BVK','MVL',304)
;
INSERT INTO public."Flight" ("DepartureDate","DepartureTime","ArrivalDate","ArrivalTime","DepartureAirport","ArrivalAirport","NumSeats") VALUES 
('2019-05-10','18:48:05','2020-11-23','22:33:26','GST','JVL',304)
,('2019-04-28','10:01:04','2020-06-03','13:23:41','LHD','IPT',308)
,('2019-09-24','04:43:02','2020-10-10','06:44:48','2A3','YAK',309)
,('2019-08-02','08:34:11','2020-12-06','09:42:35','FLO','MBS',309)
,('2019-10-16','13:20:32','2020-10-07','05:47:47','ABQ','LPR',310)
,('2019-05-16','14:30:43','2020-08-18','11:49:58','DLG','VPZ',313)
,('2019-11-01','18:05:47','2020-10-10','08:58:49','CMX','ASN',314)
,('2020-01-16','17:18:06','2020-08-26','20:48:21','JEF','TLT',316)
,('2020-01-15','14:18:16','2020-08-17','21:30:42','CDW','RST',316)
,('2019-06-30','06:45:12','2020-07-31','23:41:25','HII','MWA',316)
;
INSERT INTO public."Flight" ("DepartureDate","DepartureTime","ArrivalDate","ArrivalTime","DepartureAirport","ArrivalAirport","NumSeats") VALUES 
('2020-02-25','14:54:36','2021-01-01','13:37:44','BQN','LBL',316)
,('2019-06-30','20:33:38','2021-02-16','00:09:17','CHO','LBF',316)
,('2019-07-20','03:34:13','2020-08-14','01:29:30','HIB','OGS',317)
,('2020-02-23','10:22:41','2020-07-25','22:25:09','ALB','LGB',317)
,('2019-05-17','02:33:19','2021-01-09','05:13:58','DEC','PIR',318)
,('2019-07-26','09:38:16','2020-05-30','21:55:48','FAQ','RUT',319)
,('2019-12-17','02:50:25','2020-05-27','17:02:21','VAK','NUL',320)
,('2020-02-21','09:34:14','2020-06-02','17:52:41','BOI','MOT',320)
,('2019-05-26','05:36:10','2020-10-27','09:28:07','BDR','TVF',321)
,('2019-04-24','13:51:04','2020-11-10','02:48:09','DVL','PGM',321)
;
INSERT INTO public."Flight" ("DepartureDate","DepartureTime","ArrivalDate","ArrivalTime","DepartureAirport","ArrivalAirport","NumSeats") VALUES 
('2019-05-12','21:15:08','2021-02-18','01:45:08','CKB','GEG',322)
,('2020-01-09','15:52:49','2021-02-11','05:49:41','HUT','TEB',324)
,('2020-03-22','20:04:03','2021-02-07','01:21:01','MKE','SEA',324)
,('2019-05-29','18:37:07','2020-06-15','09:15:22','VPS','SAT',324)
,('2019-08-27','02:05:52','2021-02-23','09:52:34','AUK','LNK',324)
,('2019-10-24','12:23:04','2020-08-31','11:24:43','BJI','X44',325)
,('2020-01-26','22:25:50','2020-05-22','22:38:04','FNL','SLN',325)
,('2019-09-03','05:53:31','2020-08-02','21:35:51','GNV','SBA',325)
,('2020-01-31','06:40:46','2020-05-03','04:33:49','GFL','GSN',325)
,('2019-05-15','23:18:27','2020-04-15','06:02:19','FOD','SBY',326)
;
INSERT INTO public."Flight" ("DepartureDate","DepartureTime","ArrivalDate","ArrivalTime","DepartureAirport","ArrivalAirport","NumSeats") VALUES 
('2020-01-11','22:05:12','2020-09-05','22:22:25','EKO','FRG',327)
,('2019-09-22','06:30:07','2020-08-14','21:14:52','BQK','SOP',328)
,('2019-05-06','12:17:36','2020-07-11','13:19:56','Z09','DNV',328)
,('2019-09-13','18:02:04','2021-01-29','15:08:34','DHN','PPC',330)
,('2019-09-25','12:32:13','2020-09-05','04:08:53','GTF','SGY',331)
,('2019-05-12','05:30:09','2021-01-17','06:36:24','JHW','MSL',331)
,('2020-01-11','12:38:36','2020-04-10','07:50:53','PRC','MJX',331)
,('2019-04-25','13:26:33','2020-06-27','17:38:08','HYL','MSV',332)
,('2019-11-03','01:43:55','2020-06-20','07:16:55','GAM','SAV',333)
,('2020-04-01','03:40:54','2020-12-26','14:50:30','ELM','RMG',334)
;
INSERT INTO public."Flight" ("DepartureDate","DepartureTime","ArrivalDate","ArrivalTime","DepartureAirport","ArrivalAirport","NumSeats") VALUES 
('2019-06-01','05:03:31','2020-04-18','16:28:34','BOS','MHE',334)
,('2019-05-18','04:43:20','2021-02-12','08:08:22','KKA','SPS',336)
,('2020-04-02','01:22:50','2020-12-31','11:51:09','DLH','3W2',336)
,('2019-04-18','19:46:06','2020-09-21','07:11:04','GLR','SCM',338)
,('2019-05-26','23:02:57','2020-07-24','14:20:19','FWA','SBD',338)
,('2019-04-26','20:19:35','2020-10-23','12:12:17','FNT','3T7',341)
,('2019-06-15','09:16:25','2020-05-19','01:37:56','EEN','TVR',342)
,('2019-10-11','00:10:56','2020-05-13','13:41:50','DEN','PIH',344)
,('2019-12-04','04:06:15','2020-12-28','14:13:11','CGA','PSP',345)
,('2019-08-08','12:52:55','2020-12-30','20:40:40','STX','PIE',345)
;
INSERT INTO public."Flight" ("DepartureDate","DepartureTime","ArrivalDate","ArrivalTime","DepartureAirport","ArrivalAirport","NumSeats") VALUES 
('2019-11-12','05:28:08','2020-10-03','08:46:16','AUG','LAS',345)
,('2019-06-24','12:37:52','2020-07-06','23:14:10','JFK','A61',346)
,('2019-04-30','16:18:12','2020-11-02','08:50:09','ENW','VQS',347)
,('2020-04-02','15:14:15','2020-08-27','04:53:47','AST','MAZ',347)
,('2019-11-29','07:44:29','2020-08-04','04:35:44','BHB','TIX',348)
,('2019-12-15','07:42:45','2020-08-16','16:43:10','ADQ','HPN',348)
,('2019-09-18','01:05:58','2020-09-30','15:39:19','RME','STS',349)
,('2019-07-19','05:22:49','2020-05-30','10:02:09','CLL','RDU',349)
,('2020-02-10','11:15:27','2020-11-19','06:10:09','LBX','MLU',349)
,('2019-09-18','12:50:26','2020-12-15','03:16:44','CVO','PBI',350)
;
INSERT INTO public."Flight" ("DepartureDate","DepartureTime","ArrivalDate","ArrivalTime","DepartureAirport","ArrivalAirport","NumSeats") VALUES 
('2019-07-24','19:24:38','2021-01-05','22:04:33','OAJ','TUS',351)
,('2020-02-23','18:20:53','2020-08-30','02:00:11','GPZ','FHU',351)
,('2019-05-02','03:00:09','2020-11-11','10:58:48','BUF','MQJ',354)
,('2020-03-06','10:38:35','2020-09-13','21:38:22','CNM','CPR',354)
,('2019-11-12','17:43:29','2020-11-18','06:31:55','BKL','MOU',355)
,('2019-09-30','16:00:44','2020-12-19','15:13:23','EVV','RWI',359)
,('2019-08-06','01:47:08','2020-04-16','14:28:01','BET','GLH',359)
,('2019-09-08','18:33:46','2021-01-22','03:42:29','AVL','MCW',360)
,('2020-03-14','10:34:32','2020-11-17','00:50:09','FLL','SLC',361)
,('2020-02-07','14:11:51','2020-10-30','01:08:05','GPI','SHD',361)
;
INSERT INTO public."Flight" ("DepartureDate","DepartureTime","ArrivalDate","ArrivalTime","DepartureAirport","ArrivalAirport","NumSeats") VALUES 
('2019-12-02','06:26:03','2020-08-22','21:40:00','DXR','PNS',361)
,('2019-10-10','02:12:38','2020-10-18','11:45:17','AHN','MCC',361)
,('2019-08-17','12:03:04','2020-06-19','10:37:53','GYY','SAW',363)
,('2019-06-03','09:07:23','2020-05-21','11:51:19','ABR','HOB',363)
,('2019-11-27','16:08:56','2021-02-25','04:41:49','KLG','VDZ',365)
,('2020-01-08','11:08:04','2020-12-17','09:01:17','ERI','ORV',366)
,('2019-07-01','23:34:10','2020-12-06','18:46:19','ACY','MCK',366)
,('2019-10-09','11:40:17','2020-07-26','00:33:44','FYV','PVU',367)
,('2019-05-19','20:55:02','2020-07-26','20:21:34','KVC','AWI',367)
,('2019-04-15','05:39:57','2020-12-07','10:40:03','EAU','OGD',368)
;
INSERT INTO public."Flight" ("DepartureDate","DepartureTime","ArrivalDate","ArrivalTime","DepartureAirport","ArrivalAirport","NumSeats") VALUES 
('2019-12-09','01:10:35','2020-12-09','02:58:11','LAR','WRG',370)
,('2019-12-02','13:00:22','2020-09-08','19:06:52','EFD','RHI',370)
,('2020-02-05','01:28:09','2020-12-23','10:58:14','DSM','PHO',370)
,('2019-11-20','03:30:15','2020-12-09','15:27:24','GLD','SHV',45)
,('2019-12-15','23:19:12','2020-08-07','00:41:42','ESC','PIT',45)
,('2019-11-24','04:24:53','2020-08-10','07:27:29','CEC','TTN',48)
,('2019-09-19','12:17:05','2020-11-15','13:36:51','LNS','WRL',49)
,('2019-04-21','09:03:58','2020-07-06','06:05:59','JXN','PSC',49)
,('2019-10-18','06:30:41','2020-09-11','16:37:22','FHR','ALS',49)
,('2019-05-23','20:56:55','2020-08-06','23:33:39','DRO','MLI',52)
;
INSERT INTO public."Flight" ("DepartureDate","DepartureTime","ArrivalDate","ArrivalTime","DepartureAirport","ArrivalAirport","NumSeats") VALUES 
('2020-01-28','17:14:39','2020-11-28','16:45:38','RFD','INT',53)
,('2019-09-17','12:41:03','2021-01-18','09:26:06','ASE','MSS',55)
,('2019-05-11','22:43:22','2020-08-02','16:33:01','ILI','KTB',55)
,('2019-06-07','22:38:15','2021-01-17','13:41:42','OGG','DUT',55)
,('2019-04-21','15:53:15','2020-09-25','18:01:05','KAE','UNV',56)
,('2019-12-20','17:30:29','2020-04-21','06:44:37','CWI','UCA',56)
,('2020-01-08','18:25:49','2020-05-13','21:05:05','DFW','PLN',56)
,('2020-03-21','04:16:34','2020-05-30','09:50:59','IGM','ALW',63)
,('2020-02-02','06:22:55','2020-04-13','18:38:34','GBD','SIT',64)
,('2019-07-25','16:33:34','2020-09-20','18:32:31','INL','ROW',65)
;
INSERT INTO public."Flight" ("DepartureDate","DepartureTime","ArrivalDate","ArrivalTime","DepartureAirport","ArrivalAirport","NumSeats") VALUES 
('2019-06-04','12:02:25','2020-06-11','17:17:07','AGS','MFE',65)
,('2020-03-28','09:17:58','2020-08-04','21:03:09','EUG','RKS',66)
,('2020-03-18','05:11:20','2020-10-14','06:05:57','LEX','NQA',66)
,('2020-02-13','18:49:02','2021-02-22','19:45:30','COE','ONT',67)
,('2020-02-01','10:35:44','2020-10-19','20:18:30','SIG','RSH',68)
,('2019-04-16','10:27:57','2020-04-14','13:05:19','GUP','SMX',69)
,('2019-08-15','18:14:15','2020-08-22','19:21:45','BZN','MOD',69)
,('2019-09-06','03:34:46','2020-04-23','12:03:04','ROC','ISN',69)
,('2020-01-24','05:07:32','2020-04-21','01:23:09','JNU','UNK',72)
,('2019-12-05','06:39:00','2020-11-20','21:49:09','AUS','TYS',72)
;
INSERT INTO public."Flight" ("DepartureDate","DepartureTime","ArrivalDate","ArrivalTime","DepartureAirport","ArrivalAirport","NumSeats") VALUES 
('2020-01-23','10:11:19','2020-06-09','10:31:51','CVX','OTH',72)
,('2019-07-28','13:04:50','2021-03-03','18:00:53','KAL','VLD',75)
,('2019-11-04','13:00:32','2020-12-08','10:19:51','AKW','TBN',75)
,('2019-05-04','09:06:06','2020-06-05','17:06:26','A85','AVP',75)
,('2019-07-18','09:40:44','2020-10-21','09:01:57','KWT','ICT',76)
,('2020-02-06','08:39:31','2021-02-20','17:53:09','SPI','AIZ',76)
,('2019-04-10','07:07:05','2021-01-20','03:21:33','DIK','PTH',78)
,('2019-08-07','14:19:43','2021-02-06','17:33:48','HKS','SGJ',79)
,('2019-11-07','14:38:01','2020-06-26','13:31:51','LRD','YKM',80)
,('2019-12-14','09:53:28','2020-06-22','06:18:17','IDA','TXK',81)
;
INSERT INTO public."Flight" ("DepartureDate","DepartureTime","ArrivalDate","ArrivalTime","DepartureAirport","ArrivalAirport","NumSeats") VALUES 
('2020-03-27','04:11:57','2020-11-25','14:52:48','CHA','PQI',81)
,('2019-11-02','14:20:40','2020-04-18','23:12:43','GFK','SRR',83)
,('2020-02-02','15:55:19','2020-06-30','18:49:33','1G4','SDY',83)
,('2019-11-29','20:48:43','2021-02-06','08:50:26','LAL','OSH',83)
,('2019-06-15','10:48:36','2020-08-29','00:31:29','CIU','Z08',85)
,('2019-10-27','03:39:33','2020-05-05','00:29:51','DET','PNC',85)
,('2019-08-31','00:50:24','2020-07-21','15:41:18','HNM','BEH',85)
,('2019-12-23','18:25:04','2021-02-21','11:57:45','BUR','MVN',86)
,('2019-09-01','22:46:10','2020-08-02','14:58:28','IWD','SHR',87)
,('2019-08-24','01:49:36','2021-01-17','10:19:27','EAR','VRB',88)
;
INSERT INTO public."Flight" ("DepartureDate","DepartureTime","ArrivalDate","ArrivalTime","DepartureAirport","ArrivalAirport","NumSeats") VALUES 
('2020-02-11','00:10:35','2020-11-26','17:55:30','JBR','HVN',88)
,('2020-03-19','17:29:47','2020-11-17','04:36:46','AMA','TWF',89)
,('2020-03-09','21:55:15','2021-01-16','09:15:19','GRK','MUE',89)
,('2019-07-13','23:44:14','2020-10-20','01:45:32','GRB','MCG',89)
,('2019-12-07','22:08:24','2021-02-24','14:04:59','ISO','IAD',89)
,('2019-12-12','13:47:40','2020-10-01','11:07:41','JLN','TYR',91)
,('2019-11-08','05:29:57','2020-10-10','06:07:01','AKN','GJT',91)
,('2019-11-23','11:34:07','2020-04-19','07:03:43','MQI','PHL',92)
,('2019-10-05','14:21:35','2020-12-10','08:30:02','ACB','MRI',92)
,('2019-09-23','03:02:36','2020-09-07','21:35:30','LSE','OKC',93)
;
INSERT INTO public."Flight" ("DepartureDate","DepartureTime","ArrivalDate","ArrivalTime","DepartureAirport","ArrivalAirport","NumSeats") VALUES 
('2020-02-14','00:48:39','2020-10-06','16:27:57','LGA','DDH',94)
,('2019-09-21','22:19:08','2020-06-19','15:55:28','DBQ','LAF',96)
,('2019-07-28','09:09:09','2020-09-01','00:20:34','GGV','BRW',96)
,('2020-01-08','20:57:56','2020-11-21','09:32:28','MDY','STP',98)
,('2019-05-06','14:52:32','2020-06-20','01:59:35','DAN','PSG',99)
,('2020-03-16','08:42:50','2020-04-11','02:47:06','DAY','GYR',99)
,('2020-02-21','14:33:08','2020-08-18','07:14:59','LMT','ATY',99)
,('2020-03-05','05:28:21','2020-05-14','14:18:36','KDK','WST',101)
,('2019-08-07','14:56:04','2020-04-22','09:19:52','2A9','SQI',101)
,('2020-01-10','19:30:27','2021-01-18','18:06:56','CEZ','PPG',101)
;
INSERT INTO public."Flight" ("DepartureDate","DepartureTime","ArrivalDate","ArrivalTime","DepartureAirport","ArrivalAirport","NumSeats") VALUES 
('2019-05-07','23:44:45','2020-11-02','07:37:15','GGG','OQU',102)
,('2019-09-09','22:22:11','2020-07-18','00:40:32','HFD','SGF',103)
,('2020-01-02','21:10:42','2020-05-04','17:46:52','IYK','OOK',103)
,('2020-01-26','20:38:57','2020-09-13','20:44:21','IRK','ALO',103)
,('2020-01-25','14:43:02','2020-08-25','19:35:56','ANC','MBL',104)
,('2019-05-22','16:53:10','2020-05-06','07:14:07','FAY','GRO',104)
,('2019-08-09','03:50:08','2020-09-07','05:09:55','JAX','T44',105)
,('2019-04-09','04:56:23','2020-06-28','04:30:30','PWT','MRY',105)
,('2019-08-19','23:54:48','2020-07-04','22:27:26','CVG','IXD',107)
,('2020-01-16','00:53:23','2020-04-28','23:55:53','HNL','SYR',108)
;
INSERT INTO public."Flight" ("DepartureDate","DepartureTime","ArrivalDate","ArrivalTime","DepartureAirport","ArrivalAirport","NumSeats") VALUES 
('2019-07-26','05:54:43','2020-04-29','16:59:43','DUY','CEF',108)
,('2019-04-18','02:20:32','2021-02-22','21:26:47','FAR','SGU',110)
,('2019-08-04','08:42:06','2020-12-11','07:04:00','ESF','RDM',110)
,('2019-05-18','02:32:45','2020-10-18','17:52:44','CGF','EAT',110)
,('2019-07-28','18:54:13','2020-04-12','19:22:45','LAA','GGW',111)
,('2020-03-25','17:08:45','2021-01-19','01:24:55','BIS','MCN',112)
,('2019-06-02','21:47:19','2021-01-04','21:23:07','GON','SBN',113)
,('2020-03-21','21:11:55','2020-11-12','22:59:42','GUM','BRL',114)
,('2019-10-10','20:35:30','2021-02-03','07:16:35','ADK','ABE',115)
,('2019-06-14','15:34:52','2020-10-01','06:09:58','GBH','SAF',116)
;
INSERT INTO public."Flight" ("DepartureDate","DepartureTime","ArrivalDate","ArrivalTime","DepartureAirport","ArrivalAirport","NumSeats") VALUES 
('2019-11-16','15:24:00','2020-12-04','21:44:08','TVL','ILL',116)
,('2019-07-22','12:50:42','2021-01-29','01:55:28','BRD','BMG',117)
,('2019-04-22','00:43:20','2020-06-13','19:21:59','HKY','WBB',119)
,('2019-07-16','07:44:21','2020-07-04','10:50:01','JRB','PVC',119)
,('2019-12-13','02:52:49','2020-05-31','18:36:40','CIC','OCF',119)
,('2019-10-11','02:20:24','2020-09-04','17:49:23','SCC','GSO',119)
,('2019-09-20','23:01:57','2020-05-20','18:17:30','FMN','SJC',121)
,('2019-12-29','17:02:53','2021-01-06','15:16:36','STT','PRB',121)
,('2019-04-13','01:13:10','2020-07-31','03:17:49','CDV','PAH',123)
,('2019-06-21','16:04:48','2020-05-01','19:40:06','GAL','OTZ',124)
;
INSERT INTO public."Flight" ("DepartureDate","DepartureTime","ArrivalDate","ArrivalTime","DepartureAirport","ArrivalAirport","NumSeats") VALUES 
('2019-08-12','14:00:32','2021-01-02','00:17:22','LFT','CLM',124)
,('2020-03-09','17:24:50','2020-04-25','03:06:58','JMS','TUL',125)
,('2019-09-06','02:14:47','2021-01-02','18:48:17','LCH','IWA',125)
,('2019-05-13','18:34:13','2020-07-15','06:37:48','SVC','FSD',125)
,('2019-07-25','16:40:49','2020-11-12','21:20:31','ATL','CRQ',125)
,('2019-04-09','11:33:47','2020-11-15','02:14:53','DVT','0AK',125)
,('2019-10-20','07:01:07','2021-02-25','19:57:37','AZO','UOX',126)
,('2019-11-25','11:38:07','2021-02-01','18:49:12','BAK','OXR',126)
,('2019-12-20','21:55:17','2020-05-09','14:17:57','CDC','ILG',126)
,('2019-06-30','04:15:32','2020-11-24','19:10:46','LNY','ORH',128)
;
INSERT INTO public."Flight" ("DepartureDate","DepartureTime","ArrivalDate","ArrivalTime","DepartureAirport","ArrivalAirport","NumSeats") VALUES 
('2019-07-31','07:51:13','2020-08-20','00:32:13','BMI','EWR',131)
,('2019-09-30','02:23:16','2020-07-05','22:58:21','ITO','SWF',132)
,('2019-05-15','00:36:33','2020-11-30','00:48:37','BCE','MGW',133)
,('2019-06-16','14:26:26','2020-10-05','02:12:37','IND','TOG',134)
,('2019-07-05','23:14:17','2020-10-10','17:07:07','DDC','PDX',135)
,('2019-04-24','01:54:03','2021-02-27','04:51:31','VQQ','EWB',135)
,('2020-02-20','06:44:44','2020-12-13','05:41:12','IAH','MYR',136)
,('2019-06-04','15:47:46','2021-01-30','21:44:19','KEB','ROA',137)
,('2019-12-20','11:20:43','2021-02-09','11:21:53','PLB','OLM',137)
,('2020-03-28','01:37:22','2020-10-18','00:55:50','HYA','HOT',137)
;
INSERT INTO public."Flight" ("DepartureDate","DepartureTime","ArrivalDate","ArrivalTime","DepartureAirport","ArrivalAirport","NumSeats") VALUES 
('2019-05-23','07:19:18','2021-01-07','00:51:52','JAN','HTS',140)
,('2020-03-30','06:49:41','2021-01-04','02:53:12','AIA','LYH',141)
,('2019-04-28','04:50:33','2020-10-15','05:52:06','AIY','MKL',144)
,('2019-08-18','09:10:05','2020-05-25','07:55:10','LAW','YNG',145)
,('2019-04-28','13:56:57','2020-06-12','20:17:04','FYU','SFO',145)
,('2020-01-14','07:14:10','2020-06-06','14:28:24','HNH','PVD',145)
,('2020-01-10','18:54:37','2020-09-30','06:46:41','BTM','MIA',154)
,('2019-05-29','22:23:50','2020-11-11','20:43:00','BED','CGX',154)
,('2019-11-06','00:38:56','2020-06-08','07:58:27','KOA','BFF',154)
,('2019-07-03','16:34:40','2020-11-18','03:08:56','COS','SFB',155)
;
INSERT INTO public."Flight" ("DepartureDate","DepartureTime","ArrivalDate","ArrivalTime","DepartureAirport","ArrivalAirport","NumSeats") VALUES 
('2019-10-27','15:18:50','2021-02-18','08:23:34','GRI','ONP',155)
,('2020-02-12','06:16:06','2020-11-17','22:34:14','LRU','HDN',155)
,('2019-12-06','07:09:10','2020-09-25','14:37:27','GLS','SRQ',156)
,('2019-06-23','15:27:56','2020-07-29','20:00:37','BWG','MOB',157)
,('2019-09-24','09:55:39','2020-09-22','08:40:14','IMT','TOL',158)
,('2019-12-26','15:17:39','2020-06-03','12:12:44','BRO','MTJ',158)
,('2020-01-02','01:54:18','2020-05-26','12:34:20','AND','MBA',165)
,('2020-01-04','09:14:18','2020-07-11','01:42:13','CLT','VGT',168)
,('2020-03-23','16:11:20','2021-02-16','21:01:02','MDW','PTK',168)
,('2019-04-22','19:56:29','2020-11-26','18:08:26','APN','PLK',168)
;
INSERT INTO public."Flight" ("DepartureDate","DepartureTime","ArrivalDate","ArrivalTime","DepartureAirport","ArrivalAirport","NumSeats") VALUES 
('2019-08-29','11:40:54','2020-05-03','21:16:21','WWD','APF',168)
,('2020-02-16','17:50:17','2020-06-10','04:03:21','CRP','PGA',170)
,('2019-05-24','14:52:22','2020-11-02','22:23:09','FSM','SJT',171)
,('2019-05-13','07:37:14','2020-06-13','02:55:39','DUJ','PUW',172)
,('2019-09-07','03:17:37','2020-05-01','05:06:46','BPK','PSE',172)
,('2020-01-17','21:40:56','2020-11-05','08:08:06','FAI','DCA',172)
,('2019-08-06','20:06:11','2020-10-09','12:50:34','MEI','BTL',173)
,('2020-02-05','06:51:37','2020-08-31','02:47:59','NEW','ILM',176)
,('2019-10-14','14:46:50','2020-10-03','17:52:16','OMA','D76',176)
,('2020-03-07','03:40:33','2020-10-12','22:47:44','BHM','BLV',177)
;
INSERT INTO public."Flight" ("DepartureDate","DepartureTime","ArrivalDate","ArrivalTime","DepartureAirport","ArrivalAirport","NumSeats") VALUES 
('2019-09-07','22:29:51','2021-02-28','02:04:36','SUN','SDP',180)
,('2020-03-17','08:15:20','2020-06-07','23:44:47','EKM','RNO',180)
,('2019-10-24','04:17:25','2020-07-17','11:17:06','CHS','OME',180)
,('2019-06-29','19:34:51','2020-11-10','23:24:09','MTH','SNP',182)
,('2019-12-10','05:00:33','2021-02-07','11:22:05','MSN','PIA',182)
,('2020-02-26','06:39:25','2021-01-19','04:07:48','YKN','EFK',183)
,('2019-05-01','07:50:50','2020-12-15','06:40:40','BWI','BFL',185)
,('2019-09-10','01:19:22','2020-12-23','23:56:44','ENM','RIW',186)
,('2020-03-02','23:10:10','2020-11-17','08:41:02','EEK','RAP',187)
,('2019-12-02','21:14:06','2021-01-30','09:18:01','BTV','MKG',187)
;
INSERT INTO public."Flight" ("DepartureDate","DepartureTime","ArrivalDate","ArrivalTime","DepartureAirport","ArrivalAirport","NumSeats") VALUES 
('2020-03-01','01:03:00','2020-05-09','11:50:14','ATK','MMV',188)
,('2019-10-14','11:12:40','2020-08-27','22:21:18','CWA','PHF',189)
,('2019-08-23','08:30:33','2020-10-31','13:02:33','HON','SKX',191)
,('2020-02-27','02:08:03','2020-12-08','21:41:34','HOU','SCK',192)
,('2019-12-15','23:48:30','2020-05-24','05:19:19','FTW','SAN',193)
,('2019-07-15','16:29:12','2020-12-01','08:14:21','ANB','3A5',193)
,('2019-11-02','14:03:54','2020-10-31','04:55:35','MWH','SUX',195)
,('2019-05-06','18:17:24','2020-10-25','06:45:27','AID','MKT',197)
,('2019-04-27','13:52:38','2021-01-24','01:33:27','GKN','VCV',198)
,('2020-01-11','13:07:52','2021-01-03','11:55:53','JAC','TRI',199)
;
INSERT INTO public."Flight" ("DepartureDate","DepartureTime","ArrivalDate","ArrivalTime","DepartureAirport","ArrivalAirport","NumSeats") VALUES 
('2019-09-16','13:12:26','2020-10-05','15:15:34','LWB','MQY',201)
,('2019-08-02','00:29:56','2021-02-06','17:18:09','GUC','MDH',201)
,('2020-01-30','19:34:51','2020-07-06','18:32:56','HXD','SWO',202)
,('2019-06-01','19:40:06','2020-05-06','22:20:35','MTO','MCO',205)
,('2020-04-03','19:41:26','2021-02-11','03:32:40','CAE','OTM',207)
,('2020-03-08','09:26:33','2020-05-26','13:52:20','ANI','MLL',208)
,('2019-06-22','05:32:32','2020-05-07','21:00:24','BGR','MFR',209)
,('2019-05-07','22:12:14','2020-10-02','05:11:58','PDT','BKW',209)
,('2019-07-23','02:44:37','2020-07-29','05:42:08','FAT','SBP',210)
,('2019-08-29','04:25:04','2020-07-28','20:33:44','OFK','FKL',210)
;
INSERT INTO public."Flight" ("DepartureDate","DepartureTime","ArrivalDate","ArrivalTime","DepartureAirport","ArrivalAirport","NumSeats") VALUES 
('2020-02-06','06:30:23','2020-05-04','16:36:56','CNY','ACK',210)
,('2019-09-14','14:32:40','2020-09-23','13:30:51','N93','SOW',211)
,('2019-08-06','06:09:47','2021-03-01','09:28:42','ELP','RDG',211)
,('2019-11-25','13:03:54','2021-01-23','12:40:04','BFI','MSP',211)
,('2019-10-13','18:14:06','2020-05-02','17:04:58','ORD','OAK',212)
,('2019-12-24','19:53:05','2020-04-29','13:26:30','BTI','MEM',212)
,('2019-04-17','09:42:15','2020-06-10','20:49:09','ELO','LCK',214)
,('2019-09-18','13:14:44','2020-06-05','16:18:23','AGC','LBB',214)
,('2020-01-07','03:26:04','2021-02-18','19:51:47','AFM','MMH',216)
,('2019-11-11','11:50:33','2020-11-20','21:18:20','CMI','UUU',218)
;
INSERT INTO public."Flight" ("DepartureDate","DepartureTime","ArrivalDate","ArrivalTime","DepartureAirport","ArrivalAirport","NumSeats") VALUES 
('2020-03-09','17:06:55','2020-08-19','00:55:30','DAB','PHX',218)
,('2019-05-14','02:09:36','2020-12-19','02:49:45','BFD','MKK',218)
,('2020-01-25','12:51:52','2020-04-15','01:43:07','GSP','PAE',222)
,('2019-05-03','01:06:18','2020-08-17','13:28:06','CDB','ORS',223)
,('2019-08-03','18:01:11','2021-01-28','20:14:32','ENA','VCT',225)
,('2019-11-01','11:18:20','2020-11-28','04:51:19','CCR','MMU',225)
,('2019-12-11','15:16:37','2020-07-10','06:08:18','SLK','LWS',225)
,('2019-04-13','13:31:20','2020-11-03','11:48:08','IAN','MIV',226)
,('2019-11-19','08:22:27','2020-05-08','21:48:12','ABI','LEB',226)
,('2019-06-02','09:21:43','2020-08-03','23:35:13','AKP','MHK',228)
;
INSERT INTO public."Flight" ("DepartureDate","DepartureTime","ArrivalDate","ArrivalTime","DepartureAirport","ArrivalAirport","NumSeats") VALUES 
('2019-09-20','06:03:42','2021-01-02','17:53:33','LUK','OSU',229)
,('2019-04-14','11:19:14','2021-02-28','12:40:39','ITH','PQL',232)
,('2020-01-30','21:51:19','2020-11-10','07:57:47','POU','UIN',233)
,('2020-03-01','17:27:57','2020-07-22','00:55:02','GTR','SHH',234)
,('2019-11-16','23:49:33','2020-11-01','19:51:22','HGR','RSW',234)
,('2019-08-07','19:58:10','2021-01-26','02:06:49','ACV','MDM',234)
,('2020-02-07','21:17:16','2020-05-07','18:08:15','HSV','TPA',235)
,('2019-08-20','17:58:58','2020-12-30','04:42:37','BDL','BLM',236)
,('2020-03-23','11:44:45','2020-06-14','17:01:28','HNS','ABY',237)
,('2020-01-24','05:10:06','2021-01-15','22:58:34','AEX','LAX',238)
;
INSERT INTO public."Flight" ("DepartureDate","DepartureTime","ArrivalDate","ArrivalTime","DepartureAirport","ArrivalAirport","NumSeats") VALUES 
('2019-08-28','21:05:17','2020-12-25','22:21:22','FRM','STJ',239)
,('2020-03-14','16:37:51','2021-01-03','16:10:45','BIL','PKB',240)
,('2020-04-04','07:46:37','2021-02-22','08:26:11','AGN','MFD',240)
,('2019-10-18','16:04:16','2020-11-15','13:58:06','MPV','TAL',242)
,('2019-05-10','01:06:37','2020-08-28','06:51:20','DAL','PSM',242)
,('2020-03-25','02:55:38','2020-11-07','20:20:26','HYS','STC',243)
,('2020-02-22','08:50:53','2020-06-22','15:54:52','FLG','SMF',244)
,('2019-11-28','16:41:08','2020-05-07','22:11:03','AOO','ISP',244)
,('2020-02-01','07:28:05','2020-05-22','10:56:43','GRR','WLK',245)
,('2019-07-21','11:39:52','2020-08-21','03:57:01','BDE','MCE',245)
;
INSERT INTO public."Flight" ("DepartureDate","DepartureTime","ArrivalDate","ArrivalTime","DepartureAirport","ArrivalAirport","NumSeats") VALUES 
('2019-09-26','21:11:23','2020-08-09','23:20:10','CYS','16A',246)
,('2019-06-09','20:51:47','2020-08-31','05:55:28','AXN','EWU',247)
,('2019-08-17','21:00:00','2020-07-30','04:54:52','GYH','PWM',248)
,('2019-04-09','11:42:38','2021-02-25','02:03:34','IIK','OXC',248)
,('2019-08-18','08:59:46','2020-04-25','08:30:38','X95','ORI',248)
,('2019-08-02','15:31:42','2021-01-17','18:40:04','LAN','OTG',249)
,('2019-04-21','18:37:22','2020-09-06','22:27:38','EGE','AQH',249)
,('2019-04-29','00:12:19','2020-07-02','08:14:42','HPB','TLH',250)
,('2019-10-08','07:13:05','2020-11-26','21:51:23','MKC','WTK',252)
,('2019-07-01','22:57:24','2020-11-13','13:46:39','HLA','TEX',252)
;
INSERT INTO public."Flight" ("DepartureDate","DepartureTime","ArrivalDate","ArrivalTime","DepartureAirport","ArrivalAirport","NumSeats") VALUES 
('2020-02-27','00:58:11','2021-01-31','09:38:39','CSG','OWB',253)
,('2020-02-09','20:18:57','2020-04-27','03:25:05','GPT','BPT',253)
,('2020-03-15','14:59:21','2020-12-29','21:13:08','HRO','MSO',254)
,('2019-10-01','10:52:01','2021-02-07','17:23:23','AEX','SDF',256)
,('2019-11-02','03:26:05','2020-04-11','07:49:38','BKX','MGM',256)
,('2019-09-22','11:09:59','2020-04-08','03:02:45','PCW','BNA',257)
,('2019-12-25','18:15:31','2020-12-19','03:25:00','KTN','VIS',258)
,('2019-04-07','04:31:25','2020-11-10','20:49:23','ELI','RDD',258)
,('2020-02-18','20:56:23','2021-01-28','11:10:51','DRT','MZJ',259)
,('2020-03-08','18:12:29','2021-02-21','02:52:23','BID','MAF',261)
;
INSERT INTO public."Flight" ("DepartureDate","DepartureTime","ArrivalDate","ArrivalTime","DepartureAirport","ArrivalAirport","NumSeats") VALUES 
('2019-11-16','10:08:17','2020-10-04','15:28:33','KVL','ART',262)
,('2020-01-04','07:32:36','2020-04-17','10:12:20','FOE','SLE',266)
,('2019-04-14','03:37:10','2021-01-30','16:14:06','CLE','6R7',266)
,('2019-04-22','15:39:22','2020-05-16','00:13:12','HOM','GED',267)
,('2020-04-03','17:26:23','2020-08-23','16:33:57','RKD','WYS',268)
,('2019-06-17','06:42:13','2020-10-10','01:18:58','74S','MHT',269)
,('2019-05-29','04:40:26','2020-11-19','17:25:16','ALM','LIT',269)
,('2019-11-08','01:51:25','2020-09-22','19:08:06','CGI','WNA',270)
,('2019-09-06','17:42:23','2021-02-25','08:54:29','TPL','PUB',270)
,('2019-08-29','16:50:23','2021-02-20','01:18:39','GCN','SHG',272)
;
INSERT INTO public."Flight" ("DepartureDate","DepartureTime","ArrivalDate","ArrivalTime","DepartureAirport","ArrivalAirport","NumSeats") VALUES 
('2020-03-04','16:26:44','2020-05-16','16:07:22','CRW','ORF',273)
,('2019-10-31','14:53:44','2020-04-09','17:53:36','DTW','CMH',273)
,('2019-09-13','01:25:07','2020-06-08','22:18:42','BAF','MLB',274)
,('2019-09-08','10:15:42','2021-02-24','14:35:09','TVC','AQT',274)
,('2019-08-23','05:55:52','2021-02-10','15:56:30','ELY','RIC',278)
,('2019-04-16','10:36:21','2020-07-23','08:17:43','BTR','MNM',278)
,('2019-08-01','13:45:47','2020-05-14','18:50:43','MIE','PGV',279)
,('2019-08-26','06:45:44','2021-01-26','23:12:35','PGD','SFZ',281)
,('2020-03-29','23:31:16','2020-11-02','21:59:28','HSL','HUF',281)
,('2019-10-24','17:59:51','2020-08-02','09:45:37','MCI','HRL',282)
;
INSERT INTO public."Flight" ("DepartureDate","DepartureTime","ArrivalDate","ArrivalTime","DepartureAirport","ArrivalAirport","NumSeats") VALUES 
('2020-01-23','06:25:29','2020-08-18','03:49:13','CFK','XNA',283)
,('2019-12-27','18:12:01','2021-01-22','20:48:07','BLI','MTM',283)
,('2019-07-23','07:06:27','2020-06-09','20:44:43','BGM','ILE',284)
,('2019-04-30','07:00:09','2020-04-11','10:37:16','JST','TCL',285)
,('2020-02-09','16:40:13','2020-10-26','15:08:05','BIG','SJU',285)
,('2019-06-07','18:37:16','2020-11-18','23:12:38','PIB','SGH',286)
,('2019-08-17','13:08:17','2020-05-08','04:52:40','CPX','PFN',290)
,('2019-07-20','16:26:09','2020-09-05','17:25:06','MDT','SUS',294)
,('2020-01-16','19:56:46','2020-10-23','08:52:58','COU','ATW',294)
,('2020-03-20','05:40:50','2021-02-16','21:25:38','HLN','ALN',295)
;
INSERT INTO public."Flight" ("DepartureDate","DepartureTime","ArrivalDate","ArrivalTime","DepartureAirport","ArrivalAirport","NumSeats") VALUES 
('2019-11-09','21:15:11','2020-06-14','13:07:11','IPL','TNI',296)
,('2019-06-08','20:02:55','2020-09-09','03:00:03','GCC','SOV',296)
,('2019-09-18','09:59:18','2020-11-30','10:49:33','IFP','COD',297)
,('2019-12-06','04:57:04','2020-09-26','18:56:48','EYW','ACT',297)
,('2020-01-09','06:26:42','2020-06-14','21:39:08','EWN','PMD',298)
,('2020-03-27','11:49:01','2020-11-30','00:03:34','STL','WDG',299)
,('2019-08-02','20:49:18','2020-11-04','11:31:37','LBE','MVY',299)
,('2019-05-02','21:17:22','2021-02-16','04:20:59','SNA','TUP',302)
,('2019-10-18','11:08:43','2020-08-30','16:33:22','CAK','LIH',302)
,('2019-11-14','03:08:32','2020-10-31','09:14:59','HND','KSM',302)
;
INSERT INTO public."Flight" ("DepartureDate","DepartureTime","ArrivalDate","ArrivalTime","DepartureAirport","ArrivalAirport","NumSeats") VALUES 
('2019-09-17','21:58:17','2020-11-25','19:08:51','CID','MSY',303)
,('2019-08-26','12:30:59','2021-01-15','04:20:06','GCK','SVA',304)
,('2019-06-26','00:56:44','2020-08-28','21:19:03','BVK','MVL',304)
,('2019-05-10','18:48:05','2020-11-23','22:33:26','GST','JVL',304)
,('2019-04-28','10:01:04','2020-06-03','13:23:41','LHD','IPT',308)
,('2019-09-24','04:43:02','2020-10-10','06:44:48','2A3','YAK',309)
,('2019-08-02','08:34:11','2020-12-06','09:42:35','FLO','MBS',309)
,('2019-10-16','13:20:32','2020-10-07','05:47:47','ABQ','LPR',310)
,('2019-05-16','14:30:43','2020-08-18','11:49:58','DLG','VPZ',313)
,('2019-11-01','18:05:47','2020-10-10','08:58:49','CMX','ASN',314)
;
INSERT INTO public."Flight" ("DepartureDate","DepartureTime","ArrivalDate","ArrivalTime","DepartureAirport","ArrivalAirport","NumSeats") VALUES 
('2020-01-16','17:18:06','2020-08-26','20:48:21','JEF','TLT',316)
,('2020-01-15','14:18:16','2020-08-17','21:30:42','CDW','RST',316)
,('2019-06-30','06:45:12','2020-07-31','23:41:25','HII','MWA',316)
,('2020-02-25','14:54:36','2021-01-01','13:37:44','BQN','LBL',316)
,('2019-06-30','20:33:38','2021-02-16','00:09:17','CHO','LBF',316)
,('2019-07-20','03:34:13','2020-08-14','01:29:30','HIB','OGS',317)
,('2020-02-23','10:22:41','2020-07-25','22:25:09','ALB','LGB',317)
,('2019-05-17','02:33:19','2021-01-09','05:13:58','DEC','PIR',318)
,('2019-07-26','09:38:16','2020-05-30','21:55:48','FAQ','RUT',319)
,('2019-12-17','02:50:25','2020-05-27','17:02:21','VAK','NUL',320)
;
INSERT INTO public."Flight" ("DepartureDate","DepartureTime","ArrivalDate","ArrivalTime","DepartureAirport","ArrivalAirport","NumSeats") VALUES 
('2020-02-21','09:34:14','2020-06-02','17:52:41','BOI','MOT',320)
,('2019-05-26','05:36:10','2020-10-27','09:28:07','BDR','TVF',321)
,('2019-04-24','13:51:04','2020-11-10','02:48:09','DVL','PGM',321)
,('2019-05-12','21:15:08','2021-02-18','01:45:08','CKB','GEG',322)
,('2020-01-09','15:52:49','2021-02-11','05:49:41','HUT','TEB',324)
,('2020-03-22','20:04:03','2021-02-07','01:21:01','MKE','SEA',324)
,('2019-05-29','18:37:07','2020-06-15','09:15:22','VPS','SAT',324)
,('2019-08-27','02:05:52','2021-02-23','09:52:34','AUK','LNK',324)
,('2019-10-24','12:23:04','2020-08-31','11:24:43','BJI','X44',325)
,('2020-01-26','22:25:50','2020-05-22','22:38:04','FNL','SLN',325)
;
INSERT INTO public."Flight" ("DepartureDate","DepartureTime","ArrivalDate","ArrivalTime","DepartureAirport","ArrivalAirport","NumSeats") VALUES 
('2019-09-03','05:53:31','2020-08-02','21:35:51','GNV','SBA',325)
,('2020-01-31','06:40:46','2020-05-03','04:33:49','GFL','GSN',325)
,('2019-05-15','23:18:27','2020-04-15','06:02:19','FOD','SBY',326)
,('2020-01-11','22:05:12','2020-09-05','22:22:25','EKO','FRG',327)
,('2019-09-22','06:30:07','2020-08-14','21:14:52','BQK','SOP',328)
,('2019-05-06','12:17:36','2020-07-11','13:19:56','Z09','DNV',328)
,('2019-09-13','18:02:04','2021-01-29','15:08:34','DHN','PPC',330)
,('2019-09-25','12:32:13','2020-09-05','04:08:53','GTF','SGY',331)
,('2019-05-12','05:30:09','2021-01-17','06:36:24','JHW','MSL',331)
,('2020-01-11','12:38:36','2020-04-10','07:50:53','PRC','MJX',331)
;
INSERT INTO public."Flight" ("DepartureDate","DepartureTime","ArrivalDate","ArrivalTime","DepartureAirport","ArrivalAirport","NumSeats") VALUES 
('2019-04-25','13:26:33','2020-06-27','17:38:08','HYL','MSV',332)
,('2019-11-03','01:43:55','2020-06-20','07:16:55','GAM','SAV',333)
,('2020-04-01','03:40:54','2020-12-26','14:50:30','ELM','RMG',334)
,('2019-06-01','05:03:31','2020-04-18','16:28:34','BOS','MHE',334)
,('2019-05-18','04:43:20','2021-02-12','08:08:22','KKA','SPS',336)
,('2020-04-02','01:22:50','2020-12-31','11:51:09','DLH','3W2',336)
,('2019-04-18','19:46:06','2020-09-21','07:11:04','GLR','SCM',338)
,('2019-05-26','23:02:57','2020-07-24','14:20:19','FWA','SBD',338)
,('2019-04-26','20:19:35','2020-10-23','12:12:17','FNT','3T7',341)
,('2019-06-15','09:16:25','2020-05-19','01:37:56','EEN','TVR',342)
;
INSERT INTO public."Flight" ("DepartureDate","DepartureTime","ArrivalDate","ArrivalTime","DepartureAirport","ArrivalAirport","NumSeats") VALUES 
('2019-10-11','00:10:56','2020-05-13','13:41:50','DEN','PIH',344)
,('2019-12-04','04:06:15','2020-12-28','14:13:11','CGA','PSP',345)
,('2019-08-08','12:52:55','2020-12-30','20:40:40','STX','PIE',345)
,('2019-11-12','05:28:08','2020-10-03','08:46:16','AUG','LAS',345)
,('2019-06-24','12:37:52','2020-07-06','23:14:10','JFK','A61',346)
,('2019-04-30','16:18:12','2020-11-02','08:50:09','ENW','VQS',347)
,('2020-04-02','15:14:15','2020-08-27','04:53:47','AST','MAZ',347)
,('2019-11-29','07:44:29','2020-08-04','04:35:44','BHB','TIX',348)
,('2019-12-15','07:42:45','2020-08-16','16:43:10','ADQ','HPN',348)
,('2019-09-18','01:05:58','2020-09-30','15:39:19','RME','STS',349)
;
INSERT INTO public."Flight" ("DepartureDate","DepartureTime","ArrivalDate","ArrivalTime","DepartureAirport","ArrivalAirport","NumSeats") VALUES 
('2019-07-19','05:22:49','2020-05-30','10:02:09','CLL','RDU',349)
,('2020-02-10','11:15:27','2020-11-19','06:10:09','LBX','MLU',349)
,('2019-09-18','12:50:26','2020-12-15','03:16:44','CVO','PBI',350)
,('2019-07-24','19:24:38','2021-01-05','22:04:33','OAJ','TUS',351)
,('2020-02-23','18:20:53','2020-08-30','02:00:11','GPZ','FHU',351)
,('2019-05-02','03:00:09','2020-11-11','10:58:48','BUF','MQJ',354)
,('2020-03-06','10:38:35','2020-09-13','21:38:22','CNM','CPR',354)
,('2019-11-12','17:43:29','2020-11-18','06:31:55','BKL','MOU',355)
,('2019-09-30','16:00:44','2020-12-19','15:13:23','EVV','RWI',359)
,('2019-08-06','01:47:08','2020-04-16','14:28:01','BET','GLH',359)
;
INSERT INTO public."Flight" ("DepartureDate","DepartureTime","ArrivalDate","ArrivalTime","DepartureAirport","ArrivalAirport","NumSeats") VALUES 
('2019-09-08','18:33:46','2021-01-22','03:42:29','AVL','MCW',360)
,('2020-03-14','10:34:32','2020-11-17','00:50:09','FLL','SLC',361)
,('2020-02-07','14:11:51','2020-10-30','01:08:05','GPI','SHD',361)
,('2019-12-02','06:26:03','2020-08-22','21:40:00','DXR','PNS',361)
,('2019-10-10','02:12:38','2020-10-18','11:45:17','AHN','MCC',361)
,('2019-08-17','12:03:04','2020-06-19','10:37:53','GYY','SAW',363)
,('2019-06-03','09:07:23','2020-05-21','11:51:19','ABR','HOB',363)
,('2019-11-27','16:08:56','2021-02-25','04:41:49','KLG','VDZ',365)
,('2020-01-08','11:08:04','2020-12-17','09:01:17','ERI','ORV',366)
,('2019-07-01','23:34:10','2020-12-06','18:46:19','ACY','MCK',366)
;
INSERT INTO public."Flight" ("DepartureDate","DepartureTime","ArrivalDate","ArrivalTime","DepartureAirport","ArrivalAirport","NumSeats") VALUES 
('2019-10-09','11:40:17','2020-07-26','00:33:44','FYV','PVU',367)
,('2019-05-19','20:55:02','2020-07-26','20:21:34','KVC','AWI',367)
,('2019-04-15','05:39:57','2020-12-07','10:40:03','EAU','OGD',368)
,('2019-12-09','01:10:35','2020-12-09','02:58:11','LAR','WRG',370)
,('2019-12-02','13:00:22','2020-09-08','19:06:52','EFD','RHI',370)
,('2020-02-05','01:28:09','2020-12-23','10:58:14','DSM','PHO',370)
;


INSERT INTO public."Reservation" ("FlightID","CustomerID") VALUES 
(1,1)
,(2,2)
,(3,3)
,(4,4)
,(5,5)
,(6,6)
,(7,7)
,(8,8)
,(9,9)
,(10,10)
;
INSERT INTO public."Reservation" ("FlightID","CustomerID") VALUES 
(11,11)
,(12,12)
,(13,13)
,(14,14)
,(15,15)
,(16,16)
,(17,17)
,(18,18)
,(19,19)
,(20,20)
;
INSERT INTO public."Reservation" ("FlightID","CustomerID") VALUES 
(21,21)
,(22,22)
,(23,23)
,(24,24)
,(25,25)
,(26,26)
,(27,27)
,(28,28)
,(29,29)
,(30,30)
;
INSERT INTO public."Reservation" ("FlightID","CustomerID") VALUES 
(31,31)
,(32,32)
,(33,33)
,(34,34)
,(35,35)
,(36,36)
,(37,37)
,(38,38)
,(39,39)
,(40,40)
;
INSERT INTO public."Reservation" ("FlightID","CustomerID") VALUES 
(41,41)
,(42,42)
,(43,43)
,(44,44)
,(45,45)
,(46,46)
,(47,47)
,(48,48)
,(49,49)
,(50,50)
;
INSERT INTO public."Reservation" ("FlightID","CustomerID") VALUES 
(51,51)
,(52,52)
,(53,53)
,(54,54)
,(55,55)
,(56,56)
,(57,57)
,(58,58)
,(59,59)
,(60,60)
;
INSERT INTO public."Reservation" ("FlightID","CustomerID") VALUES 
(61,61)
,(62,62)
,(63,63)
,(64,64)
,(65,65)
,(66,66)
,(67,67)
,(68,68)
,(69,69)
,(70,70)
;
INSERT INTO public."Reservation" ("FlightID","CustomerID") VALUES 
(71,71)
,(72,72)
,(73,73)
,(74,74)
,(75,75)
,(76,76)
,(77,77)
,(78,78)
,(79,79)
,(80,80)
;
INSERT INTO public."Reservation" ("FlightID","CustomerID") VALUES 
(81,81)
,(82,82)
,(83,83)
,(84,84)
,(85,85)
,(86,86)
,(87,87)
,(88,88)
,(89,89)
,(90,90)
;
INSERT INTO public."Reservation" ("FlightID","CustomerID") VALUES 
(91,91)
,(92,92)
,(93,93)
,(94,94)
,(95,95)
,(96,96)
,(97,97)
,(98,98)
,(99,99)
,(100,100)
;
INSERT INTO public."Reservation" ("FlightID","CustomerID") VALUES 
(101,101)
,(102,102)
,(103,103)
,(104,104)
,(105,105)
,(106,106)
,(107,107)
,(108,108)
,(109,109)
,(110,110)
;
INSERT INTO public."Reservation" ("FlightID","CustomerID") VALUES 
(111,111)
,(112,112)
,(113,113)
,(114,114)
,(115,115)
,(116,116)
,(117,117)
,(118,118)
,(119,119)
,(120,120)
;
INSERT INTO public."Reservation" ("FlightID","CustomerID") VALUES 
(121,121)
,(122,122)
,(123,123)
,(124,124)
,(125,125)
,(126,126)
,(127,127)
,(128,128)
,(129,129)
,(130,130)
;
INSERT INTO public."Reservation" ("FlightID","CustomerID") VALUES 
(131,131)
,(132,132)
,(133,133)
,(134,134)
,(135,135)
,(136,136)
,(137,137)
,(138,138)
,(139,139)
,(140,140)
;
INSERT INTO public."Reservation" ("FlightID","CustomerID") VALUES 
(141,141)
,(142,142)
,(143,143)
,(144,144)
,(145,145)
,(146,146)
,(147,147)
,(148,148)
,(149,149)
,(150,150)
;
INSERT INTO public."Reservation" ("FlightID","CustomerID") VALUES 
(151,151)
,(152,152)
,(153,153)
,(154,154)
,(155,155)
,(156,156)
,(157,157)
,(158,158)
,(159,159)
,(160,160)
;
INSERT INTO public."Reservation" ("FlightID","CustomerID") VALUES 
(161,161)
,(162,162)
,(163,163)
,(164,164)
,(165,165)
,(166,166)
,(167,167)
,(168,168)
,(169,169)
,(170,170)
;
INSERT INTO public."Reservation" ("FlightID","CustomerID") VALUES 
(171,171)
,(172,172)
,(173,173)
,(174,174)
,(175,175)
,(176,176)
,(177,177)
,(178,178)
,(179,179)
,(180,180)
;
INSERT INTO public."Reservation" ("FlightID","CustomerID") VALUES 
(181,181)
,(182,182)
,(183,183)
,(184,184)
,(185,185)
,(186,186)
,(187,187)
,(188,188)
,(189,189)
,(190,190)
;
INSERT INTO public."Reservation" ("FlightID","CustomerID") VALUES 
(191,191)
,(192,192)
,(193,193)
,(194,194)
,(195,195)
,(196,196)
,(197,197)
,(198,198)
,(199,199)
,(200,200)
;
INSERT INTO public."Reservation" ("FlightID","CustomerID") VALUES 
(201,201)
,(202,202)
,(203,203)
,(204,204)
,(205,205)
,(206,206)
,(207,207)
,(208,208)
,(209,209)
,(210,210)
;
INSERT INTO public."Reservation" ("FlightID","CustomerID") VALUES 
(211,211)
,(212,212)
,(213,213)
,(214,214)
,(215,215)
,(216,216)
,(217,217)
,(218,218)
,(219,219)
,(220,220)
;
INSERT INTO public."Reservation" ("FlightID","CustomerID") VALUES 
(221,221)
,(222,222)
,(223,223)
,(224,224)
,(225,225)
,(226,226)
,(227,227)
,(228,228)
,(229,229)
,(230,230)
;
INSERT INTO public."Reservation" ("FlightID","CustomerID") VALUES 
(231,231)
,(232,232)
,(233,233)
,(234,234)
,(235,235)
,(236,236)
,(237,237)
,(238,238)
,(239,239)
,(240,240)
;
INSERT INTO public."Reservation" ("FlightID","CustomerID") VALUES 
(241,241)
,(242,242)
,(243,243)
,(244,244)
,(245,245)
,(246,246)
,(247,247)
,(248,248)
,(249,249)
,(250,250)
;
INSERT INTO public."Reservation" ("FlightID","CustomerID") VALUES 
(251,251)
,(252,252)
,(253,253)
,(254,254)
,(255,255)
,(256,256)
,(257,257)
,(258,258)
,(259,259)
,(260,260)
;
INSERT INTO public."Reservation" ("FlightID","CustomerID") VALUES 
(261,261)
,(262,262)
,(263,263)
,(264,264)
,(265,265)
,(266,266)
,(267,267)
,(268,268)
,(269,269)
,(270,270)
;
INSERT INTO public."Reservation" ("FlightID","CustomerID") VALUES 
(271,271)
,(272,272)
,(273,273)
,(274,274)
,(275,275)
,(276,276)
,(277,277)
,(278,278)
,(279,279)
,(280,280)
;
INSERT INTO public."Reservation" ("FlightID","CustomerID") VALUES 
(281,281)
,(282,282)
,(283,283)
,(284,284)
,(285,285)
,(286,286)
,(287,287)
,(288,288)
,(289,289)
,(290,290)
;
INSERT INTO public."Reservation" ("FlightID","CustomerID") VALUES 
(291,291)
,(292,292)
,(293,293)
,(294,294)
,(295,295)
,(296,296)
,(297,297)
,(298,298)
,(299,299)
,(300,300)
;
INSERT INTO public."Reservation" ("FlightID","CustomerID") VALUES 
(301,301)
,(302,302)
,(303,303)
,(304,304)
,(305,305)
,(306,306)
,(307,307)
,(308,308)
,(309,309)
,(310,310)
;
INSERT INTO public."Reservation" ("FlightID","CustomerID") VALUES 
(311,311)
,(312,312)
,(313,313)
,(314,314)
,(315,315)
,(316,316)
,(317,317)
,(318,318)
,(319,319)
,(320,320)
;
INSERT INTO public."Reservation" ("FlightID","CustomerID") VALUES 
(321,321)
,(322,322)
,(323,323)
,(324,324)
,(325,325)
,(326,326)
,(327,327)
,(328,328)
,(329,329)
,(330,330)
;
INSERT INTO public."Reservation" ("FlightID","CustomerID") VALUES 
(331,331)
,(332,332)
,(333,333)
,(334,334)
,(335,335)
,(336,336)
,(337,337)
,(338,338)
,(339,339)
,(340,340)
;
INSERT INTO public."Reservation" ("FlightID","CustomerID") VALUES 
(341,341)
,(342,342)
,(343,343)
,(344,344)
,(345,345)
,(346,346)
,(347,347)
,(348,348)
,(349,349)
,(350,350)
;
INSERT INTO public."Reservation" ("FlightID","CustomerID") VALUES 
(351,351)
,(352,352)
,(353,353)
,(354,354)
,(355,355)
,(356,356)
,(357,357)
,(358,358)
,(359,359)
,(360,360)
;
INSERT INTO public."Reservation" ("FlightID","CustomerID") VALUES 
(361,361)
,(362,362)
,(363,363)
,(364,364)
,(365,365)
,(366,366)
,(367,367)
,(368,368)
,(369,369)
,(370,370)
;
INSERT INTO public."Reservation" ("FlightID","CustomerID") VALUES 
(371,371)
,(372,372)
,(373,373)
,(374,374)
,(375,375)
,(376,376)
,(377,377)
,(378,378)
,(379,379)
,(380,380)
;
INSERT INTO public."Reservation" ("FlightID","CustomerID") VALUES 
(381,381)
,(382,382)
,(383,383)
,(384,384)
,(385,385)
,(386,386)
,(387,387)
,(388,388)
,(389,389)
,(390,390)
;
INSERT INTO public."Reservation" ("FlightID","CustomerID") VALUES 
(391,391)
,(392,392)
,(393,393)
,(394,394)
,(395,395)
,(396,396)
,(397,397)
,(398,398)
,(399,399)
,(400,400)
;
INSERT INTO public."Reservation" ("FlightID","CustomerID") VALUES 
(401,401)
,(402,402)
,(403,403)
,(404,404)
,(405,405)
,(406,406)
,(407,407)
,(408,408)
,(409,409)
,(410,410)
;
INSERT INTO public."Reservation" ("FlightID","CustomerID") VALUES 
(411,411)
,(412,412)
,(413,413)
,(414,414)
,(415,415)
,(416,416)
,(417,417)
,(418,418)
,(419,419)
,(420,420)
;
INSERT INTO public."Reservation" ("FlightID","CustomerID") VALUES 
(421,421)
,(422,422)
,(423,423)
,(424,424)
,(425,425)
,(426,426)
,(427,427)
,(428,428)
,(429,429)
,(430,430)
;
INSERT INTO public."Reservation" ("FlightID","CustomerID") VALUES 
(431,431)
,(432,432)
,(433,433)
,(434,434)
,(435,435)
,(436,436)
,(437,437)
,(438,438)
,(439,439)
,(440,440)
;
INSERT INTO public."Reservation" ("FlightID","CustomerID") VALUES 
(441,441)
,(442,442)
,(443,443)
,(444,444)
,(445,445)
,(446,446)
,(447,447)
,(448,448)
,(449,449)
,(450,450)
;
INSERT INTO public."Reservation" ("FlightID","CustomerID") VALUES 
(451,451)
,(452,452)
,(453,453)
,(454,454)
,(455,455)
,(456,456)
,(457,457)
,(458,458)
,(459,459)
,(460,460)
;
INSERT INTO public."Reservation" ("FlightID","CustomerID") VALUES 
(461,461)
,(462,462)
,(463,463)
,(464,464)
,(465,465)
,(466,466)
,(467,467)
,(468,468)
,(469,469)
,(470,470)
;
INSERT INTO public."Reservation" ("FlightID","CustomerID") VALUES 
(471,471)
,(472,472)
,(473,473)
,(474,474)
,(475,475)
,(476,476)
,(477,477)
,(478,478)
,(479,479)
,(480,480)
;
INSERT INTO public."Reservation" ("FlightID","CustomerID") VALUES 
(481,481)
,(482,482)
,(483,483)
,(484,484)
,(485,485)
,(486,486)
,(487,487)
,(488,488)
,(489,489)
,(490,490)
;
INSERT INTO public."Reservation" ("FlightID","CustomerID") VALUES 
(491,491)
,(492,492)
,(493,493)
,(494,494)
,(495,495)
,(496,496)
,(497,497)
,(498,498)
,(499,499)
,(500,500)
;
INSERT INTO public."Reservation" ("FlightID","CustomerID") VALUES 
(501,501)
;